Raman Shift (cm-1),EM5_a,EM6_a,Methanol,E60_a,E5_a,E50_a,E30_a,EM1_a,EM8_a,E90_a,Ethanol,EM3_a,E40_a,E20_a,EM2_a,EM9_a,EMX
500.4,0.0015469943891899271,0.0021818059695842356,-0.0019088920768992536,-0.00014468797594314878,0.006342377342473366,0.0006557015963488911,0.002886728994961606,0.0005238238407332212,0.0037175533732630842,0.0007960382681671259,0.0006469561699855116,0.0004169612936968757,-0.0019486884909594995,-0.003980412670378424,0.0021641514716316985,0.0024560307737144012,0.0013153774812235425
513.9,-0.001960648023806306,-0.0005021876748598361,-0.0022666343810551167,0.003087945404659964,0.06623221909807124,0.0026310974653395813,0.005679583782175218,0.000499792819506557,0.00018043131844201028,0.0030200184107992693,-0.0006697346945914452,-0.00044416108812836403,0.0003408856414182872,0.006052839021431784,-0.0008024808256345087,-0.001610889254204877,-0.001724040813820419
527.3,-0.004099740580449497,-0.0034543944338534588,-0.004402577974935822,-0.001424989813761528,-0.0679555171815958,0.00015548724386015892,-0.000551380015778939,0.0002252930342569332,-0.0008196375412401744,0.0012412877522958127,0.0011208152487358041,-0.001925874465900309,-0.005395755468383768,-0.01194671691911229,-0.0008183155370637298,-0.0009900971699743847,-0.0016994312901379572
540.7,0.0008509899302806134,-0.0018386576585159796,-0.006134742701553822,0.0031617127210925777,0.007806911302939088,-0.0020234480069225643,0.002566273972691991,-0.0010722018114474225,-0.006208386802854077,0.0009109180572741704,6.831233638129295e-06,-0.0006043234336385726,0.0003260510637432429,0.012034148912336768,-0.002450201728346963,-0.003598745264054164,-0.005580908513726217
554.1,-0.006785266965310423,-0.007023827116236013,-0.004433796514085327,-0.00036632436328344094,-0.014056314823607804,0.0043607900816858575,0.0007172705617704414,-0.004637010727346741,-0.00838437406924603,0.0013247418228106626,-0.002870800296053357,-0.005330214873154838,-0.0014163674680465997,0.003977429880576581,-0.004839362018477196,-0.009672229852237054,-0.011461495408637699
567.5,-0.0031005353842441185,-0.004016992021741146,-0.005333667068469278,-0.001953435638348865,-0.015702854026063386,0.000834835201124259,0.0013357158695144102,-0.005077660329358387,-0.007717768359107089,0.0023661168618752124,-0.00324587709795218,-0.0040715907876786375,-0.003232674678584259,-0.00021240042536715606,-0.0052439556676506845,-0.006369730994019273,-0.009927028872108917
580.8,-0.004034890962415154,-0.004290592349296246,-0.007914999987277266,0.0031518081726637807,0.010050040521091201,0.0035008671337236424,0.006788156913273507,-0.003061976042026377,-0.005478442465258566,0.00284645526143146,-0.001674662949139357,-0.002125584066322119,0.0005759539707667521,0.006470290111386731,-0.001915311035131206,-0.002765132806623106,-0.00443818777582937
594.1,0.0016834704630340968,0.0015283783824973662,-0.00648810102762205,0.0006921614252944524,-0.0036785142435679426,0.0057586613200656285,0.005512631863468993,0.0015453981968931417,0.00040386426309110785,0.003285091086002153,-3.434131366839281e-05,0.0008618051803602407,0.0008310873071617227,-0.003120566959201325,0.00017427442574893012,0.00177417638816398,0.0032135884164850065
607.4,0.019090668122053584,0.0222160791842916,-0.0026351496386041776,0.003425700036411222,0.018469587656616937,0.0026969412267809733,0.004036395044673473,0.014107675894520524,0.02632131838312772,-0.0009641282291009557,0.006077563919023593,0.014522226178565658,0.005653167252119112,0.006706618089534956,0.01750370466930718,0.02500779953617632,0.03429305701258448
620.7,0.034880624553491446,0.04082641817915631,0.006019502998450846,0.005175651730163454,0.009074705497366928,0.004135681875127313,-0.007589470045732527,0.02464026240689722,0.04289234553905224,0.0036413486378975325,0.016251354057419117,0.028390981563440953,0.01044127653448324,-0.003906910311443791,0.029499411246970253,0.04203251570073634,0.057048154404792266
633.9,0.047235572869397044,0.052882214054240186,0.006918043018884644,0.018908712923506942,0.03324529114692313,0.011535267834107197,0.007479278184582375,0.03705111149906027,0.05604849121599253,0.01621169419950325,0.03299769851861933,0.04255544600438668,0.022956166492780018,0.01946933885017212,0.04522621614800409,0.051295001454183156,0.07772011703916146
647.1,0.06221439971665361,0.061617233478661264,0.010002144901338947,0.039804172710825765,0.001906307072875297,0.03643211571023418,0.025867740280194913,0.06245041348758592,0.05589937607757257,0.03878965808917303,0.06158682927323003,0.05996318525247388,0.04573963351542229,0.03210459206421229,0.0673478056891535,0.048756120854779345,0.09293232559149865
660.3,0.062077563869356055,0.06587048289386736,0.010459350636987852,0.04860167062165343,0.04207518757623513,0.0419464240864961,0.036124051260716994,0.061975943847716326,0.06047516147853244,0.043573796037441326,0.06758015031788515,0.06028495291031219,0.05239419571792982,0.04456826924715055,0.06696635777155431,0.05217709637501953,0.09517449422455766
673.4,0.0515816278258218,0.05968808285588248,0.00626158059564595,0.02887938204130542,0.020324240604766817,0.025546242465151973,0.019912026403035667,0.04417174506970662,0.06304203103450601,0.023830177712180878,0.04741781196155345,0.04817748359710334,0.03391561367073261,0.03356451451705092,0.05151208294638955,0.057736305906920506,0.08753394724238388
686.6,0.04701289715430917,0.053024510956681904,0.008583601666555129,0.015804961169012213,0.01181778879812056,0.009905733458111955,0.012563956989167034,0.029719178360820973,0.05925102682022634,0.010211271096008114,0.028752126129112925,0.0357333727930679,0.02139917639959237,0.020790344474550238,0.04142090343322455,0.05567872355700311,0.07994748899643232
699.7,0.04256662923202065,0.048802511034713586,0.005127187462878752,0.010214578539170521,-0.03496736106862051,0.0022685030385615145,0.011702070726150053,0.026123608741430458,0.055083689886457655,0.005747774364640487,0.021011498706097254,0.033557636399905444,0.011721592467769323,0.005567038230054368,0.03591205209341774,0.05252645897851204,0.08864281007749122
712.8,0.03718409304263312,0.043164951821134355,0.007690499818225396,0.008143626813997364,-0.023673807220084678,0.004909952246307324,0.006277541396456691,0.022769299096285573,0.049222441961848565,0.006536440420692249,0.015000972488884434,0.02823858855182558,0.010889266846328762,0.01203070836636005,0.03166899225926811,0.04806336296978854,0.0803611445109261
725.9,0.03768588617575645,0.04477567474569921,0.005619573684371,0.006738684660885299,-0.06547919765495025,0.0025948845009620973,0.004069447055850191,0.02075196851950716,0.04985290543323805,0.0013929647161878924,0.013923495406007859,0.02716000264114582,0.012427223262858255,0.003421312742729426,0.03197971470515933,0.048760295021210924,0.06875903592696608
738.9,0.03413434337145642,0.03765387977393643,0.006284764347097074,0.00018232639505842663,-0.019160185366965975,-0.0022582588277492333,-0.005895703895185172,0.020117626542515712,0.04712863174898506,-0.0006788036889689139,0.012366296499856145,0.025379176463126842,0.0031728356612704045,-0.011864761438385291,0.028166860305161568,0.044894260591091556,0.06068905760143766
751.9,0.02839738581772485,0.038861787793850494,0.006206286331514788,0.001032612985027149,-0.029519921988108756,-0.004123448475669218,-0.00284522494910419,0.014497120724073321,0.04426857650563531,-0.0013680873217029584,0.00890292009265184,0.018515280744911846,-0.006679969035609663,0.0028201462275058184,0.024962603360490828,0.042660050827545995,0.054291660347373
764.9,0.03140084986598052,0.03574476461192923,0.003004779965608296,-0.00017909772284422813,-0.009438656212104688,-0.004997197856198343,-0.0008263318905487355,0.012683664640032621,0.043558496576921894,-0.0027427353893709097,0.007753411584931773,0.01846391510723656,0.004773777149458148,0.0100558544469329,0.023276236583298308,0.04168058143804534,0.05416713971978527
777.9,0.026412265242691614,0.03333521505978458,0.0047152149239835,-0.0024157590984168744,-0.0625856934880856,-0.00231980673543984,-0.010845374024447942,0.01052917455716289,0.040043655729843086,-0.0032278197594051146,0.005835018320071919,0.01637664253935241,0.003420157379412244,-0.00887800697042581,0.019986118164567218,0.04306412477790201,0.046425112588253145
790.8,0.025605171228656614,0.03352426620442501,0.005314270598197325,-0.001673868992153348,0.04506690703031261,-0.005767548355220122,-0.0066348098975784475,0.010196339019266963,0.041334999484023416,-0.00391412171982876,0.005670485502492177,0.017581424409926782,0.0008159184177641435,-0.006679905431109138,0.02003043607900565,0.0399728429624006,0.04705559441836295
803.8,0.021703847151357973,0.03153721366663446,0.0051509830175022015,0.0016148561725042216,0.001756531043947859,-0.003702443395628716,-0.009871054207964245,0.009390228630771248,0.03634917499832812,-0.0035096519936060836,0.004584361921727455,0.014576798423560796,0.00542699373560326,0.006669859154394951,0.018137101758472152,0.0384113147945323,0.04238194694247712
816.7,0.02109683551242449,0.03062161735297345,0.004828305818083729,-0.0021095690378547544,0.039900419352827836,-0.0019678892757205623,-0.004676399676605908,0.008168656059399294,0.03629027721569583,-0.0007308344278338935,0.003983502095124897,0.012653214757482009,3.521149617684162e-05,-0.004357670564662427,0.01535567977529193,0.03373953209596273,0.039419553609679685
829.6,0.017246113153108644,0.024067141461346316,0.004468771115502623,-0.0002777599451410704,-0.005522585732389738,-0.005445160134622145,-0.0014935112350796232,0.006572885792729381,0.02837121638328696,-0.0013100120767568849,0.002525413344368522,0.011193086100607118,0.0007495280355018989,-0.010614900925619347,0.012696503250415462,0.028235360600035668,0.02979748302406646
842.4,0.018622049999624746,0.023727973894630175,2.596735367492805e-05,-0.0013177329262264296,0.05315814086031527,0.0032805304227489875,-0.003319623505936752,0.003289962958082642,0.030964813976772487,0.002416771141432646,0.003952011636352827,0.011862784691988251,0.0012399629513249212,0.013983521887830622,0.012726636485409682,0.029913690696850452,0.032146578677872635
855.2,0.01355011311309373,0.020555854451548637,0.005155613752696151,-0.005062910645203527,-0.021015007552820215,-0.012077346921273614,-0.009136043224306023,0.002614493806768967,0.02244098541325143,-0.002295113466414719,0.0014884743727370045,0.008272024006629066,-0.004070940063711877,-0.01125083578031749,0.009217530067058582,0.0241406725774402,0.023382233510479855
868.1,0.013934157275942436,0.017678195136341186,0.0014597589854465464,-0.001857967589991413,-0.015531780458613531,-0.004063542942408661,-0.0006661883501448165,0.002814194027100373,0.024261158472282905,-0.0020102922423230274,0.0031652796579430065,0.007673263267954072,0.00026606756829042534,0.004532042547939484,0.010185778499423348,0.02216959623386474,0.024820905263878926
880.8,0.010286550962057479,0.018456129959510844,0.002052639716791496,-0.0011510347912640575,0.006335313405297243,-0.005163112484594534,-0.0005617366910596746,0.004165162016674286,0.024705100509037414,-0.002357221171682076,0.0021640785314919206,0.00722471609368265,-0.004864833651036223,-0.015061528737089528,0.009745232865379363,0.0234118507082656,0.02419319313393652
893.6,0.010624394546976184,0.01426787387901295,0.0018322779671042053,-0.0014602703081225646,0.04021769707924897,0.0003583919967163303,0.0005756407100420159,0.0015741909432717962,0.022384477405861865,-0.001017389829219409,0.0008408457264131211,0.006233295373354137,-0.003253827598922359,-0.002872319892956654,0.007048752115112005,0.01990317222202948,0.022453062206352632
906.4,0.010670521540391645,0.013670209319217872,0.00034801816327084087,-0.0013528407593057078,-0.03661715549280412,-0.0021003858956961117,0.0013959129427418833,0.0012245199892863784,0.017414787438004405,-0.002021117478771948,0.0012996788240640532,0.004457300055239791,-0.004370435118579634,-0.00041890748043443723,0.00537238156856037,0.017829850142434323,0.01847374592878435
919.1,0.007821293130635463,0.012964538971018371,0.0005182221082765333,-0.0015677532337833517,0.027394960018762744,0.0021002031002403257,0.0011237289809277852,0.0011933151414958943,0.014229575068608832,0.0006857060222442309,0.00044796599517437963,0.00460451187719724,-0.0038124028333570864,0.004352387017354697,0.005391264541534109,0.015271308109562507,0.017746839923889444
931.8,0.006719207192091381,0.011538252479671217,-0.0015162804243808116,-7.997558624401899e-05,-0.012184862200832054,-0.0031721595277619586,-0.0004723136488246447,0.0021652285069819043,0.01309572202405998,-0.0015497639104793265,-0.0003548773191012666,0.003759737397037691,-0.006278552695466504,0.0030007091550665224,0.0054547269237954455,0.01321152475096048,0.014293671585493958
944.4,0.005967900533491941,0.00967477055508682,-0.0030076574128599857,0.0011797399001025565,-0.020877586689712988,-0.0014312465978461838,0.014790461100873028,0.001452117326798445,0.01031192506691689,-0.001260030923641335,-0.0008672096325423982,0.0023877480836520366,-0.001551534021620513,0.008648395721243297,0.003410107344425131,0.015620158628036356,0.016091587282090685
957.1,0.006328203982631639,0.006924646682029886,-0.0010064624010655409,0.0005613297631455453,-0.058826543682679214,-0.0021218310391430528,-0.0019732005696166312,-0.0011066516484956697,0.008848927834472536,-0.0012635793022163482,-0.002678511494679227,-0.00079500814309528,0.0015366963804171396,-0.008668127857033818,0.0013945908827917419,0.008428058188046183,0.010581292683843477
969.7,0.001575408638147772,0.005697926077633109,0.000521599621211642,-0.003433418873862417,0.022186378397051332,-0.0017665555708502754,-0.004003695064663225,-0.0012363006418787167,0.004520521636123128,0.0002715200308654161,-0.0015297298313079325,-0.0014177193426188346,-0.004677739543121244,-0.0031134056934733275,0.0030863352865867313,0.006629224053668497,0.009618841575381046
982.3,-0.0013820470469379923,0.0033885742577969167,-0.00066219231934175,0.001419308796222925,0.004663878314585285,0.0026965043211199676,-0.0011263385144924206,-0.0003923423898844526,0.007335723918830275,0.0015464710844045894,-0.00166400919601557,-0.0014280182715286837,-0.0011680409525620212,0.006914096137802492,0.0021640002445027554,0.007132401811901491,0.012976204733431994
994.9,0.0016261517500648771,0.005516493530201959,-0.003611896723618452,0.00017567757652188777,0.061048414252795474,-0.001663262635698787,-0.0011040171051756214,0.0009986062937906335,0.007853821846867315,0.0005642243353324334,0.0006897701519155937,0.003131064344467062,0.0026574576040473545,0.006645577248304344,0.003857475841601833,0.009128470159705538,0.023357360530438544
1007.5,0.006444392570232154,0.008828456995906009,-0.001714013916255197,0.003207427758489711,-0.04900297984762054,0.00583795179970592,0.0032378496219177245,0.007870497290553845,0.008674633602095635,0.00284550822676738,0.002726760178863003,0.008845865361182871,-0.0007486972928863871,-0.003133653110612186,0.007429615678129665,0.014036795237288784,0.08635498873661793
1020.0,0.009383731680747501,0.012095698100573218,-0.003734843891384568,0.0014300711171399336,-0.03372294002833058,-0.0004367029474278779,-0.0017450071457192527,0.00984274055993059,0.014704153364494873,0.004957577572667207,0.005286006691469266,0.007628870830105488,0.0024724294760992524,-0.0008725096460590804,0.00960693276938495,0.012321741584123596,0.2546864700793434
1032.5,0.004601490392333909,0.008559648445106472,-0.002497597075029039,0.007007402060464464,-0.044308458798812754,0.004861136285087388,0.007038808778992624,0.01040001025163314,0.005755870910375674,0.0066962348921948914,0.006143816832972501,0.008011710915904574,0.007752154705819127,-0.004266454444962847,0.009126008338365495,0.00611432595346376,0.15372551267550366
1045.0,0.012658034872205872,0.01522771944252344,-0.005191997573140173,0.014747371492184894,0.07471249628206666,0.014513308154149838,0.012893339040413544,0.01792078128011505,0.012502820889114198,0.01356363742077478,0.010335491642097315,0.017180117263318428,0.017443589289116143,0.009838481579610934,0.015012405520509971,0.013379927002877845,0.03871878251624842
1057.5,0.02404401493550415,0.021064404524554034,-0.004085058671362383,0.034828491928380764,0.06720644577855758,0.040316272917068394,0.03964963342626428,0.029697639454607398,0.014739655576870053,0.028806537268124467,0.02430005975964536,0.028214064092416963,0.03768786979876086,0.041169307638117214,0.03089867322514393,0.011232484086928299,0.03020353095854236
1070.0,0.0845451679165878,0.06956913622247217,-0.0027083016832892474,0.1544548914481089,0.19516605515162933,0.16367053384762975,0.1844958539853934,0.1261919237700688,0.034056223810998994,0.11416409998790965,0.08739665470184518,0.11287049214488712,0.17503477186555316,0.18813073927957696,0.12192615834079255,0.015860107067680474,0.06706003652945142
1082.4,0.2225690361257957,0.18501826964292759,-0.001079156005176225,0.397772063453653,0.41030288237228146,0.40905027036994346,0.4214013097613071,0.3457937313926677,0.08675954491319361,0.3551428638435897,0.321573980050688,0.3042213734130118,0.41165771229877496,0.43614434063129776,0.3353447237781908,0.04120093191624525,0.15659707263223563
1094.8,0.1573146796556488,0.13056626886319606,-0.005169038702821285,0.28576275252951383,0.32349028707324706,0.29185151108611895,0.28197816885226606,0.25919743038927445,0.0637925629877756,0.3230901745985823,0.3555255116107094,0.21908379556164548,0.27239601910572064,0.26472725809192205,0.24796353639482863,0.03172074417646913,0.11454158954530438
1107.2,0.0399178591305622,0.03312150581608837,-0.0034392072518884213,0.0727454235744404,0.05998122907287455,0.07609991675154054,0.07971561475178979,0.06935576222528718,0.017159675496056626,0.09325259980096821,0.11330067526907389,0.05650706421833693,0.07082184583508631,0.05690052949867479,0.06188395016144533,0.010640544619352297,0.03271042475516285
1119.5,0.009209319173920642,0.008196027491708906,-0.002209667374760692,0.021143132812232283,0.027291444718041943,0.02152713081608778,0.017507169689781745,0.020258184587897986,0.0006512023676272289,0.024559358380191635,0.02704823520615867,0.012023326400599285,0.02331560156097658,0.01662461417173055,0.017133207928135108,0.0006245273398932595,0.020696501836929334
1131.9,-0.00016650625567967602,0.005010727663388534,-0.0013405325838603077,0.012989893952463557,0.04813265211191627,0.011848017071168507,0.01701366214268084,0.0057346988034551755,0.0006275165936848856,0.012824053675223948,0.010196903755202819,0.0025906236202039154,0.009678439660995195,0.010440301558352143,0.007905151645101775,0.0023525265651056716,0.03148159405551259
1144.2,-0.002521682941370706,5.134573372517728e-05,-0.0012524122869901897,0.005018497606539741,0.0339463436810667,0.004515882773565257,0.00870400607645457,0.006374827658748097,-0.002958514907550179,0.006903291525268944,0.004233038108372992,0.0038791663701439895,-0.0011155640359626934,-0.00029073212095819564,0.0029862073827133058,0.0028169881746678924,0.05069942333412952
1156.5,-0.0006800116586085173,-0.0016086855318984748,0.001675394800852479,0.002106608656719345,0.02084553672961817,0.003853403593307625,0.0024478887650159794,-1.9128541331500744e-05,0.00013319466030519398,0.004759112639302873,0.0007176485931240274,-0.0006915251344131972,0.0029404288346735526,0.0028976595398246888,-0.00010734925284205893,0.002774683700828656,0.0451026742471622
1168.8,0.0029579934801468692,0.0031026333979556945,0.004156507568453879,-0.0010572671711985373,-0.05714515829843332,7.01490537983775e-05,0.0006923217122195277,0.0011434169105652991,0.005087675860808688,0.0035321480225140897,0.00028877424226736394,0.0005138035757997815,-0.0028423923563536445,-0.010452244414438469,-0.0003258729580586721,0.005167420593629876,0.01575201073381876
1181.0,0.005286165268613683,0.006965653475796027,0.013216212531753853,0.004660947969520075,0.006869663459688334,0.0011989303602995298,-0.0019532947125606845,0.0005856536352805363,0.010191148336538919,0.003374224018247406,0.0007532521927157894,0.0025541564249472967,-0.004010676375743662,-0.0071713530446183005,0.003020897247434082,0.011806412393470692,0.003151257246036146
1193.3,0.016983993263384192,0.01874108690008331,0.025793124054956908,0.0076673297089495974,0.0010953190994093384,0.006109743783217058,0.005473874056339169,0.011377051665336892,0.023775344684905365,0.00822896974865378,0.0011929467512476672,0.013235235989361792,0.0011930042559271758,0.024576750472913817,0.011936974450267389,0.028823202976836368,0.009087666017730991
1205.5,0.04811330074016086,0.058856298072768536,0.06354840155065644,0.01465395891760251,-0.0359203584528464,0.0029624743738199174,0.015109232248884745,0.01660642076037356,0.07445837081089793,0.01206682922858024,0.008962877010615477,0.03098380273306361,0.014319289777399106,0.019739204765261097,0.024025570588131262,0.08399161709726187,0.03261415725065127
1217.7,0.1375699424497759,0.16256849465249948,0.18686980167007752,0.022830517579910996,0.022299044250901623,0.01871683406941696,0.029147472841292776,0.04272996478838356,0.20538457141831765,0.020623941987137,0.014907439867973764,0.08746337099749928,0.020459635629691,0.01824164179992857,0.06272521638493911,0.22344130010705923,0.08126515731431126
1229.8,0.2593180834096535,0.29798787836782453,0.3831384381453279,0.05453059630144566,0.07262511323522346,0.059997372653489485,0.06340805253819243,0.09086293316908994,0.3679048776304437,0.049409482652196315,0.04048124514994221,0.17207933423790645,0.0606646789985783,0.07005449712030065,0.13043725651794602,0.394709456416017,0.14358772531539454
1242.0,0.2400438585262883,0.2631533876411345,0.39759182789102043,0.12144580001253855,0.0416653558062986,0.12447739065483107,0.1270433406842445,0.13571010099403807,0.30609210435395157,0.10825524208835695,0.100706518469594,0.18344942008787612,0.13279911275465395,0.14524137145369023,0.15815771564575426,0.3227580839948884,0.13225335184680595
1254.1,0.13398701932010795,0.13360482248275585,0.1897991584696626,0.13590113193326303,0.22178944764259917,0.13460495404415346,0.13466532955418592,0.1294026241459041,0.13686920023417276,0.13677807914128648,0.14054924702114752,0.1300426069429928,0.14111391367564768,0.13301222497804924,0.12707154041007065,0.1321016173043841,0.07404784702335675
1266.2,0.08022259360841869,0.07562575511410752,0.07020916259699833,0.09535576811792451,0.10733960610675185,0.10229235560548276,0.11347323040799243,0.09300118273294938,0.06861810925776636,0.10084505481057568,0.1048191828760085,0.08521035992159327,0.11030404153655099,0.13543793999742876,0.08788185784183758,0.06097291439559296,0.04863072479527637
1278.3,0.09468219497548964,0.08267096215988415,0.046249577692949975,0.12931091705300574,0.20351272338628246,0.13985346811861754,0.14528375183802583,0.10560955934779126,0.06261104432039648,0.10626735235254,0.09883071794250935,0.10210434272989961,0.1349404167088036,0.1412238013015872,0.1034449023258565,0.05372173088077929,0.058248185197284974
1290.4,0.10492416144182085,0.093500925161596,0.05126594084620433,0.13758533116505312,0.13067087899043803,0.13696509074254543,0.1367334827020241,0.13540876623863615,0.06681074561505723,0.14179233602617705,0.13740003850145513,0.12402347780122387,0.13228459711278526,0.1301986782452526,0.12803226221566988,0.051474270948271755,0.0688664626651961
1302.4,0.08319501353539818,0.07278000166153357,0.05960402789979997,0.08372727341076425,0.04009964077422859,0.0800032637445055,0.07054023057996468,0.0967494305046467,0.056774628682807096,0.11571146923639944,0.12304091053142457,0.0895891662102247,0.07707180527342505,0.0787773864498027,0.09471801524831251,0.050454615399012324,0.06576291062690817
1314.4,0.05713396903304315,0.05464738405535067,0.057099614291308054,0.04750796141852998,-0.01602584084179267,0.045087923320632384,0.032385695212125955,0.05796872389768882,0.047786912084541805,0.0641312683707102,0.07053649944010422,0.05832311785133889,0.042667401345784395,0.03041900230677134,0.05800598096795231,0.0459967326842532,0.06359817059211492
1326.4,0.03172152254891245,0.030755865211485402,0.04658711506816265,0.034181187818308596,0.02701624459648467,0.03247443991571637,0.03120769821737264,0.030933204097879006,0.02795529790088858,0.03747765886021249,0.03948475345251404,0.031208667194515784,0.02767363580249178,0.0271019051385189,0.03200872348620037,0.02803075252880796,0.049265702451252606
1338.4,0.02071551244996428,0.020164109514696365,0.03380150550281344,0.020070069080070235,0.03662999996508758,0.01527190465702316,0.012221596890894696,0.018641049656903615,0.02335884817574306,0.020542181600363505,0.021244758445335892,0.017977255381748474,0.015642545964365182,0.01738323815319545,0.018420790156478413,0.023293462220079376,0.03068106871069607
1350.4,0.0180561038696362,0.020286785322833484,0.03202086637956657,0.008304092834120194,-0.09974144774959245,0.004817837008251429,0.0015393220463462542,0.011950392042399428,0.020910503151873882,0.010615038305439969,0.009113666292517395,0.014241409213298618,0.007322115252106192,-0.004851762730360165,0.0117390194031913,0.02238758999881626,0.022847167882648733
1362.3,0.008830096400550191,0.012582661309545586,0.025116872734277408,0.005054086633467832,-0.0257725101135448,0.0014788371475216641,-0.004121500757466616,0.00685254805954999,0.017912717022103737,0.004627135975416792,0.0027782360413764,0.008704739921143428,-0.0025915338251278532,-0.0075647968603147885,0.002375711760371169,0.01789294690731208,0.01769402661482336
1374.2,0.0007499165687144298,0.00204851910739665,0.015958877271655795,0.0020932307336097794,-0.09206856928870322,-0.0008430434135406393,-0.0005718140023559101,0.00013694118459913704,0.0018597936365977248,0.002099357781013236,6.85530995585447e-05,-0.00047140234363035366,-0.007938838657625694,0.0030084867709285934,-0.001386323494450954,0.0036740706171412914,0.0015249243483379008
1386.1,-0.004828195340090573,-0.004180497340336359,0.01088191768955081,0.00021251773043975077,-0.05670232050154342,-0.0014529909996841056,-0.004439317891152217,-0.002872616654354572,-0.003054341674401303,0.002414032395265671,-0.0039081327288017125,-0.0030631629165671116,-0.0056562831420148936,-0.007023156109254047,-0.0038971264190504626,-0.0005260428064839807,-0.007146387236930379
1398.0,-0.004485905165303581,-0.003717314769034552,0.005544473996844266,-0.00120247276904305,-0.0008769754728844816,-0.003914232284379967,-0.008075546752635557,-0.0029970842751829664,-0.004176930018021975,0.0013837676937221244,-0.0016975691632894656,-0.003663958076444114,-0.0029634924632447584,-0.0058712006886297245,-0.004275657346452623,-0.0008168062527216633,-0.010794294045447612
1409.9,-0.0020672761725283035,-0.000987362047930317,-0.0007709816988218393,0.0013439800242730743,-0.008519860242673122,-0.0016465451004690373,0.0012761661694054714,0.0016968567294550559,0.001073061479134735,0.0021332372228213196,0.0005134456949016964,0.0021441846947033954,-3.7700759374191466e-05,-0.0030043069974134357,0.0005168059439971091,0.0014777243122071231,-0.002236817435916893
1421.7,-0.005194243226980706,-0.006901570035102406,0.004467362012221962,0.004484557111910456,-0.024890953578620662,0.001986321681050109,0.0015234959778689888,0.0029135240026766543,-0.011176946653521194,0.006373824438601493,0.0005078836662918966,-0.004007127848863979,0.0026449574848547994,-0.0075205290514195125,-0.0013542107639680817,-0.0072721523240579485,-0.012687578022991416
1433.5,-0.0010886911174344805,-0.0023888508485390507,-0.0004093077674904902,0.00966655445556416,0.004486664101132073,0.009380644566359333,0.006939494424287734,0.007890908844692785,-0.007556817502888912,0.009848426072736382,0.005240758689795252,0.004331523262356455,0.00936690571173061,0.010519531702530777,0.0034082985652333767,-0.006594749455090265,-0.011032248077754676
1445.3,0.003982255097128387,0.000472513056985609,-0.0012739649030111637,0.01678448563055152,-0.0898197431187352,0.015134230556848552,0.007987856810663985,0.015885934054211934,-0.0030899932006381295,0.018270401379517964,0.014935415244451362,0.012149558266761463,0.011136436493303188,-0.0021103106652305727,0.013401431121895487,-0.004275711709971783,-0.004104890085293514
1457.1,0.016972153848704468,0.010216974749937104,-0.0003726510273986593,0.0378990350512381,-0.009951263083847042,0.03587138163215632,0.03382207936640618,0.0394792057643432,-0.0006555249943587548,0.0398309149956052,0.03482358660185592,0.031030044719530296,0.032856667087023575,0.031829525933524554,0.03509594789369479,-0.005483032866191763,0.003780061187597386
1468.8,0.028705814890524976,0.019023153915784734,0.0006350680654264647,0.060284985289042844,-0.010837528878952642,0.06314675138340181,0.060137319419668864,0.05490058427860012,0.004187568855042137,0.06238180747531868,0.061858045473312744,0.042469292374748016,0.05710525736406661,0.062496128966644394,0.047761084916711154,-0.002572875979978075,0.01101752330435535
1480.6,0.020444668793669567,0.014760364975206676,-0.005296367930685382,0.04445302113611019,-0.004210437023417687,0.048722598530612546,0.052576088301735005,0.03698887789608831,0.005589490938116897,0.04386949166231672,0.0498311684309947,0.0296219534323723,0.04802214669429845,0.042728368476939844,0.033136348711648195,0.004709421528258621,0.014608479843222152
1492.3,0.006661153824407722,0.004372150198200577,0.002040096249166939,0.023014548986433153,-0.013085070176927454,0.021685588478310258,0.017889270719582805,0.018036610807176764,-0.006088499142263915,0.023135065509479944,0.023064301106090482,0.012820891356116162,0.023915548167245247,0.011035525379802586,0.013940778787276654,-0.003373633616479942,0.006595104855794751
1504.0,0.004614136958916681,0.00466627091798759,0.0034896318600315637,0.0156127818435998,-0.021780587075677173,0.014776092737597819,0.018987576159539745,0.011788215624762805,6.99549951144237e-05,0.016112512156771307,0.014506924955825232,0.0081268175366729,0.01223922653081683,0.0036971359677344675,0.011618489590251828,0.0021950125418748008,0.008088914995410361
1515.7,0.008718326531842005,0.007974156042768065,0.0009285360959145267,0.012388078677067338,-0.03587071479128145,0.007930430279410766,0.016157201001495675,0.016270180377933048,0.004657044189998971,0.013901551125825402,0.013606454776439096,0.014602060663351657,0.01574655804481177,0.01296367278864832,0.015118155261461074,0.005920009097154781,0.01877407805279081
1527.3,0.007797317735159562,0.012576727761193044,0.0030976966380273914,0.015629483146048943,0.057737731442255004,0.01949942551949524,0.019801480068890712,0.01511798389007876,0.01025623661590473,0.016054206875207682,0.01388251584908086,0.01832644608645082,0.019152406645791265,0.029516311368925706,0.014953629476318342,0.012265092354655482,0.028470573660153372
1539.0,0.008219589785524532,0.007325917911660842,0.010240874728982727,0.01568944220584805,-0.036503631665168644,0.014720876301758628,0.012112609359156321,0.013813080566202212,0.004780174140722474,0.014592834723431949,0.010813471610336294,0.011990562857294424,0.011751954910536514,0.0018868993990665708,0.012077148094854162,0.008944777268597397,0.019175771197043633
1550.6,0.013686048110421787,0.012357072766369824,0.012899802222614802,0.01878076246676126,-0.011935353910893844,0.018686916208455282,0.010101261944472084,0.018801699121783172,0.01176730171838397,0.01833988952163766,0.01429225176222984,0.01773247768693033,0.017118717312759518,0.012271106795551465,0.01629565063512886,0.013393342580374957,0.01851463629116256
1562.2,0.023495738976589693,0.022571507908697216,0.01547502902999329,0.0259406006160916,-0.016055196993148602,0.014411296705931359,0.024649342686838265,0.028358905547366364,0.025417402407029326,0.02395925916365362,0.020048969786363037,0.024493449086747908,0.018229188977773307,0.02007716038304317,0.024180220044850428,0.022369948008884456,0.02551082485249229
1573.7,0.030262208153137706,0.025672464275155293,0.02182506784396593,0.036027546986694886,0.055791974670964535,0.035558136803659615,0.03666787118651983,0.027552808611925494,0.025815371968994614,0.034550002331042017,0.02832825196417813,0.03143770279221062,0.037176413899788804,0.030081604574543848,0.029076366240591102,0.02596195132617305,0.02862961658744517
1585.3,0.03692664218033121,0.034676943019008276,0.026603009592042114,0.035536985586435685,0.045101804341231316,0.03509188483296361,0.03987204842391037,0.037875335700855044,0.03469692204928622,0.03496534349511677,0.03458519702615969,0.041979258948051816,0.036674278943263035,0.04464756126754386,0.03677563142612609,0.03370788339088748,0.038259666477315296
1596.8,0.04468402828028839,0.04161080960734466,0.029434928873771915,0.04897176553747115,0.03105031116871167,0.046800016020348306,0.04655480546291663,0.04800339480524085,0.040817330242552345,0.046101193948451455,0.042420620946554424,0.04754733688774299,0.04288193689326762,0.04657934265095475,0.04841373618110633,0.0398669011553322,0.04580039362432125
1608.4,0.05972862608263424,0.06063302786440761,0.04549693320140599,0.06165299023261671,-0.0010200952852316926,0.06014912706126639,0.059232721887193765,0.06611382971684156,0.05171628892810729,0.06358549091063287,0.05905487767802783,0.06485677933929306,0.057680252744587344,0.06206139766690789,0.06104463076006798,0.048971424359098355,0.0618810214527112
1619.8,0.09532994721930511,0.09091377330619409,0.056629952124980405,0.07740903126600886,0.009880561529270818,0.07571981385407006,0.07765406282888503,0.09958941079395262,0.0840746703757991,0.08698060541374998,0.08313694850099938,0.10223631777662594,0.08462033492442787,0.07654595732861344,0.0971973637396066,0.07778170657688616,0.09305804766789255
1631.3,0.1662520593242029,0.16409649362286347,0.10510955233380688,0.1422196884468508,0.0967309911672631,0.14987741205213204,0.13076594267171532,0.16782573053757013,0.1474295792287591,0.14820916025576583,0.13856300119274456,0.17129897479482226,0.14629834897020838,0.1475994872909947,0.16259977476879037,0.14008788680456918,0.16406297414113266
1642.8,0.2098720226275956,0.21011406663419643,0.15906583690466275,0.20465427270090586,0.08262033947184011,0.206116864748534,0.21420733288002686,0.20435168844611598,0.1946607814414302,0.19281909014940357,0.19383102620389922,0.21513873773175063,0.22341453271173187,0.21830720668599538,0.19931919636012949,0.18873569745570495,0.21540266458961912
1654.2,0.17171024926206876,0.17305240566846275,0.16506282365477631,0.14302625941509353,0.09236743904942245,0.14914358899378619,0.1358973410974146,0.14716910453173812,0.17646316677170185,0.1438187670703342,0.1548180664633482,0.16338108886388003,0.15643669952358266,0.1483540566904038,0.15062767732749777,0.16528140603701863,0.1604207840568873
1665.6,0.13310411929639182,0.13591017484001533,0.14185324031583096,0.0890387445134725,0.021942999285643854,0.09586473017673064,0.09283077595098362,0.10463945200679982,0.14270113394538916,0.09852071080948448,0.10471281512970865,0.12308565626383007,0.09795408561551883,0.08756144880530004,0.1096331524371288,0.1385922526820969,0.10743537242235844
1677.0,0.09397273546032907,0.0984935059528886,0.11443010468681497,0.06972728444106338,-0.014415048211871857,0.07562503035927168,0.07530931475041969,0.07745097819691338,0.09938519526502292,0.07505680523385759,0.07811020287064355,0.08698560789866125,0.07435579696930597,0.06600881710817282,0.07735204563992731,0.09796930031603515,0.06290238412265038
1688.4,0.05950309979826482,0.06747251531949325,0.08323595503067607,0.04456610000473991,0.011659195354980174,0.04392690753397294,0.04495481654845354,0.045144594745449455,0.07382863921033353,0.046879992313336595,0.05010413954220501,0.05494804476843538,0.04214332547884572,0.043708426286326055,0.048218054090340856,0.07009030774503514,0.03921193617382458
1699.8,0.04508474889364139,0.046799758002942664,0.06598510333535458,0.026992599759687468,0.028445514490554765,0.026039872721109456,0.022450393181178172,0.028878063387658203,0.05345972266256706,0.028319989116866468,0.03005499092992497,0.03824024061926589,0.028604722033473723,0.021048720592076655,0.032622364896912164,0.05392232217452348,0.02398988037829138
1711.1,0.03189417976975718,0.03593260233117362,0.05640005804914813,0.020569797445367664,-0.004927327478926942,0.017602598270730033,0.015573629779505261,0.019071422091922304,0.039765486661375755,0.019941839188813842,0.019477185981528963,0.026893116810011136,0.012402083016685826,0.012072184455813942,0.023280891156941104,0.04275134617919937,0.0130304857947168
1722.4,0.02593180271798693,0.030943438774493747,0.049050810699635884,0.012402030081256364,-0.01194583009412455,0.013486044597914377,0.0116021767435743,0.013231345652900803,0.03427954665359109,0.014608706176065876,0.012970760198588525,0.0223718504618754,0.010807418930613029,0.0027666175252854374,0.015286059110019628,0.0367923325072745,0.01120578851237702
1733.8,0.02324172445367509,0.023989197903008335,0.04348539756722203,0.011872878262619114,-0.002761122207723837,0.009832239336243205,0.005786830721890322,0.011141271848291277,0.028592543058896653,0.010899588937510238,0.009928005631411194,0.01667647690571273,0.00783617194910356,0.0066691230150359776,0.013178277248269556,0.03264943242061849,0.006248147905070476
1745.0,0.01784271181537669,0.02172708321109686,0.038388617255234736,0.008257493740876642,-0.008508250284289002,0.005826246123530962,0.0013081624416248349,0.008309643177092313,0.023056314337951318,0.006299634640563028,0.00445998960462559,0.013505306401760283,0.0016015457565394307,0.0015390227144114657,0.009750659173541816,0.027198973863800265,0.0047530750332878055
1756.3,0.016339430108080217,0.017129058865143917,0.033466133652062455,0.006129034777708567,0.029289192078849387,0.003857424877091579,0.008174366208957765,0.006734382454339206,0.02410637397788501,0.004750152845931344,0.004573495005382856,0.012362202439681835,0.0035127640468093505,0.004619212749382475,0.008642163964010668,0.026242656310952264,0.00411183401148697
1767.6,0.011395193864796612,0.01348202415875035,0.02851887290322334,0.0011886572745686374,-0.024450795584714927,0.001390159646384583,0.001277479551077887,0.0030824796053974496,0.01939047726810268,0.0012768385546628436,0.0018948780742888993,0.00834348836005855,-0.0047511979601702475,-0.004480757177081259,0.0066385307397893055,0.02067820079852531,0.00025868263109800473
1778.8,0.010746223460603483,0.011763303490586624,0.021121954843043432,0.004407657035046687,0.0804679610376817,0.0001985320820225627,0.005849586648806002,0.0043906140301504725,0.015991358661124555,0.0026290183432742453,0.003918026752124605,0.008691611273236857,0.003903030203399964,0.0006420859724607143,0.007201836679855537,0.016831603151375468,0.0029000385783782517
1790.0,0.005024209053319029,0.009799728377420535,0.01839607133828848,0.0020399927700913106,0.004763904373727216,0.0010284596113872906,-0.004943099813992527,0.0024033287073528934,0.013228288642138437,-0.00043115505613015756,0.004396144944676354,0.006593944810413037,0.00248123974003484,-0.0049206134824594985,0.004648705995455605,0.01383359976293823,0.0021996479460625316
1801.2,0.004377783869174994,0.006865245920626378,0.01543993165669201,-0.0033310170402648127,0.03617033687897043,0.0007548174821586204,0.010740494947525709,0.0019453909743078345,0.008431909754703691,0.0018833142917111703,0.005686764400616337,0.0013142765826117096,0.004739609935147911,0.006458577461478514,0.003037151730689667,0.010343197996308017,0.0012419863720679225
1812.4,0.00401364695061076,0.0020356457627781176,0.013456049462979817,0.002086863324748824,0.03474136838701452,-0.0006902488476524655,-0.0003342470706942477,0.00016099674562814031,0.0035532023987036696,-0.00012855453320217647,0.002016749799178773,0.0036053197624533943,0.0018355155222957156,0.003355234803271875,0.002272783486263919,0.0072160969647641435,-0.000602641154370165
1823.5,0.00029239229149869615,0.0015778791545141718,0.012052211773153167,-0.001089838607158402,-0.02100352086275934,-0.007813114814470314,0.0011141351071555891,0.001292655221994292,0.0033876169146925582,-0.003470238918981535,0.0017914717567538568,0.001347617570571637,-0.02477687395546349,-0.0016737698047191224,0.0005215599522980596,0.0026710550552266504,-0.0026868282362536204
1834.6,-0.0019678518104893033,0.00043597449778543423,0.00979573983553507,-0.003175764280499332,0.02341982175372942,-0.0030131191790390617,-0.005776922971434532,-0.0036262329289044534,-0.0006415713002709244,-0.002245178233809843,-0.00045667842469753915,-0.00021091298745141776,0.0024124998720077067,0.00408375216287447,-0.0026960784542383307,0.002240156614070173,-0.004542434573728031
1845.8,-0.001102335184362504,0.001585635075296971,0.006722454095954598,-0.0013782606580458223,-0.024956399319519054,-0.004184991944410116,0.002799902962845538,6.389998910147598e-05,0.001138287245480179,-0.002148308163431363,0.00026360825636517684,0.00046946758651102204,-0.0030415403636915354,-0.0051122974308503545,0.0004137716092172858,-0.0012288310467331396,-0.0017182599531122042
1856.9,0.0012967723073180361,0.001265257842297943,0.004045411948980792,-0.0018933544539859448,0.023321257513675225,0.0011729387597731024,-0.004919820524809053,0.0009512426656895946,0.001491841253409541,-0.0016912809516999299,0.0008960766811207925,0.0005016527673649281,-0.004016750033932322,0.005415052055987763,0.0003552832950486852,0.00034167828436204535,0.00036873886651071124
1867.9,0.00029954438473499083,0.0008689358738060731,-0.0012910894810292596,0.0028800514457306982,0.07287624265477335,0.0011945550196980129,-0.0013162758970308639,0.00265621218352137,0.002719716552567703,6.75401392178552e-05,0.002399892745042489,0.004445131364149021,0.0033258285062717887,0.0025450032608089956,0.004439235416892417,0.003508584557013418,0.00038113309791500724
1879.0,-0.0018132023709121923,-0.0029922127201922554,0.0008142458093973644,-0.0013569818225244205,-0.04144754510615468,0.0010807882528523277,-0.008809558259395235,-0.0006808172187777089,0.0007189928698132521,-0.0009594188846231223,-0.00012768562730893098,-0.003923497511163126,0.001441668766048768,-0.0022330359687304587,-0.0015507223211147345,0.0017283582529486793,0.0014647948625386884
1890.0,-0.0010900682803828645,-0.002391595305282656,0.0005783363692089689,-0.0013105749596381538,0.005749525190086971,-0.0010762650884846231,-0.0012054431747647667,-0.0010828426579241569,-0.0025210563406335438,0.00093473563118292,0.000353247337173617,-0.0012040410559912965,0.0013957815577265859,0.0033262819634892536,-0.0011893825196264303,-0.0019284273125686933,-0.00322505502978307
1901.1,-2.0981361072410236e-05,0.0015776070147670016,-0.0006815191726467124,-0.0007617337905414832,-0.044650037668889045,-0.0035151074776300223,-0.004369871215567831,-0.00037777328637024444,-0.0019254998668358186,0.0009805901398133475,0.0011538013152127644,-0.0002024613156492441,0.0006650634049133338,0.0012267038255027844,-0.0016572092022289285,-0.0021227721596815546,-0.00349372871009501
1912.1,-0.005622540853446591,-0.003912423271136668,0.000169902881338801,0.0005178779728297259,-0.061478348967021645,-0.0005396560963593852,-0.0069908302774366535,-0.0010629868583480187,-0.0065337656940329435,0.0010136819880738137,-0.0010368196260006422,-0.0011625739373576072,-0.0012208163508338017,-0.008856299877281103,-3.463366377960499e-05,-0.00419449669959237,-0.007693314543259513
1923.0,-0.0031888956241544943,-0.0002248203429220449,-0.0009427320943110509,0.0007910957598531403,-0.03846048921293043,0.0029656472387605435,-0.00025527399471085647,-0.0026629709314901005,-0.0005680058816196599,0.0012906537515225403,-0.000923630609966638,-0.0006056233179781397,0.0014232279473395358,0.00026636894584447653,-0.0013444939037813785,-0.0020632239145660963,-0.0007291988773606682
1934.0,-0.00140607146169995,-0.0012542939430439449,-0.002520586719566214,0.0009805011914173743,-0.0038097852051486797,-0.0013128701857964837,0.003465577125360874,0.0017274680752098878,-0.002641847552732024,0.00010518322546381915,0.00029003095029295656,0.0007920160567174415,-0.003540120660899963,-0.004837206335295886,-0.0003694387931966079,0.0005835975370462681,-0.00014356140014389093
1945.0,0.0008617171623273564,-0.0022434939574329186,-0.0009127983489259133,0.0016878060859212454,0.01909887840305194,-0.002589962832492754,0.0038313085800509203,-0.001436685117064524,-0.0003053643322995831,0.0002097965383296814,-0.002640998618655426,0.0016540863198716944,-0.002749397311171708,-0.005660862943626578,0.002421204715782454,-0.001940330421597766,-0.002493055234809002
1955.9,0.0006799335161594072,0.0001503972166107573,-0.0038252766370315736,0.002134745822932693,-0.030530719971627228,0.00011834193958121101,0.0019685456014386063,-0.0011733636283977964,-0.001961959338774143,0.001144995154879796,-0.002629502739187463,-0.0006948290117518257,0.0007008608293520057,-0.012697061676225979,-0.0004794319846567917,0.00022719292299478862,0.0007750630964550051
1966.8,-0.004246205325367659,-0.004452910626031919,-0.00020248138851005894,-0.003536856148189467,-0.022239792918245765,-0.0018391399327889685,-0.0033139804443837613,-0.0028497405475415094,-0.004915212090398495,-0.0018545067657846654,-0.002499925340646793,-0.002639062134872104,0.0006238800009848887,-0.0011109867609440534,-0.002799365889505709,-0.0037515940352350436,-0.007844943398995047
1977.7,-0.0023796906008643386,-0.00298545383435834,-0.0005709828315015732,0.00023811906895342293,0.01597317404464829,0.001708506905022492,0.0011513031747507015,-0.0006779430083744965,-0.0034102235818025315,-0.0003182539204959102,7.023773215845906e-05,-0.001382855520740664,-0.0032706522087804064,-0.0007103638866874165,-0.0029019465632211592,-0.0008756658894407748,-0.002362291560834986
1988.6,0.00019572005136320902,-0.0036462347657235587,-0.0005979698563291104,0.001069009038794817,0.011623073759811005,0.0028970924808934886,0.0012476018125626952,-0.002013662079814597,-0.005892832058600814,2.6408404647227027e-05,-0.0007956696493296721,-0.0013739714251159263,-0.00014239998880896806,-0.007207940226981176,-0.002620139271286625,-0.0022006640700942288,-0.00040732852010739545
1999.4,-0.0015422363591683903,0.00015438891489607403,-0.0018849966699461406,-0.0017869786070402905,0.013570047202814075,-0.0019162458302683452,0.003439151002611571,-0.0010753151495036335,0.0008967717885922808,-0.0008642316170409564,-0.0008070200530141829,-0.0018437424597070695,-0.0021561831882286582,-0.0019133042460037246,0.00033986926570398786,-0.0007256204444738937,0.0007652174541398453
2010.3,0.0002595858911589021,-8.995139891660744e-05,-0.002123723749792599,-0.0011643753679085181,0.02669851496258586,0.0025033177015679297,-0.003915618437893516,-0.0011585733306574025,0.0010043926660600303,-0.00169370871902269,0.00014477263081242873,-0.0016977865844340536,-0.0038553733729359534,0.0056152380288622536,-0.0012141368455052674,-0.0005693150064450116,-0.0006643552628641484
2021.1,0.00033232981453504854,-0.0007376126927149467,-0.0031293279496150284,0.00016137112850819846,0.019515423395735802,-0.0012176629941397458,0.0025864925282873094,-0.0006032773801992353,-0.00019123172761446972,-0.0025014725381988312,0.001281109792036081,0.0007410039564168993,0.0009089010457535179,-0.009887436520004433,-0.0009851001164130737,-0.0002088061707832469,-0.0018323647445984352
2031.9,-0.00043630467150807255,0.0010565709388286196,0.00013696595279797703,-0.0005144043701028862,0.01698036104148497,0.0002194593294222874,0.0038746652101188024,-0.0009011279060826941,0.002621201665647321,0.00042457570204906207,-0.0006233045852976793,-0.0011065301172710651,0.005266372584842263,0.005272428076935435,0.000540661670174628,0.0009271842237987065,0.00038015321488214587
2042.7,-0.0018981524493745412,0.0002266250742383222,0.0025028993933218844,0.00019819445013893454,-0.022788721731352234,-7.655114510377008e-06,-0.007051572905881348,-0.0006236414347925646,-0.003554770211589516,-0.0003597064393306925,-0.0007436889612466647,-0.0008074616557226161,0.0012465124076917586,-0.009318233598965208,-0.00030824707545481367,-0.0016067532104120197,-0.002062290803362242
2053.5,-0.0007128362406288852,-0.00030654103555523976,0.0017912879693837906,-0.00044971871281532087,0.0001608351874936889,-0.0016987699471039451,-0.0022728027480033836,-0.0013901862737998487,-0.004322108452535983,-0.000680594981469528,-0.001070189191097716,-0.0014723452221837782,0.0009275918424848347,-9.785527836689235e-05,-0.001678875674960455,-0.0022548545296773824,-0.0027923405845433793
2064.2,-0.0003160551246107408,0.002849981430618063,-0.002295112735641196,0.002394857689586288,0.03713588289349384,0.0008352411827401718,0.0066614774089425325,0.0017074311131893291,0.0021472451190160985,0.00114065348997788,0.000633658526197888,0.0014704882930990995,-0.001804696858561997,0.0080324756611008,0.00042564934595197486,0.0029369378985640935,0.003632122057767493
2075.0,0.0007843550831604782,-0.0004919244434205191,-0.00022987515644187095,0.00016114363233582705,-0.024590027778212363,0.0008458100939412217,-0.004430591478552025,-0.0003218853811674789,-0.0007478442350052593,0.0010208535779804829,-0.0010319248131290268,0.0009778998517315615,0.002282894438340517,-0.006826535949206651,-0.0009567521032353304,0.0003570335861841445,0.0024227782557766134
2085.7,-0.000582369836110451,-0.00026460345364305295,0.0035450435317459423,0.001581648476755653,-0.04643309446837273,-0.004576052445660027,-0.002420130782842687,-0.0023490882728301756,-0.0005975332606298622,-0.00016827883934892912,-0.0008742445084068984,-0.001790616680032483,-0.0014776522171197183,-0.00407280587182965,-0.0005574576987546976,-0.0016804138910952201,-0.0017485576469294206
2096.4,-0.0012263753018474492,-0.0005510389616481836,0.0003714358670019374,-0.0020808571055885507,-0.058655207948869595,0.0035896767288430467,-0.0009986652405553388,0.002428873878899285,-0.000492939702925803,0.0007286782122017226,0.00046940291318860877,-0.0015126180797075473,-0.0012657879781980239,0.0004814394726491909,0.00037890707830861274,1.9983648688539477e-05,0.0012052221499955938
2107.1,-0.0010760104824844513,-0.0020819029434316623,4.649342150484969e-05,-0.0026009555688389662,-0.01347720163246222,-0.00185640612492195,-0.0006971335524115679,0.0004663549673057431,0.0016881018390513681,-0.0007769148478362942,-0.0011457042907610526,-0.0014101836889634234,-0.0004386759235128987,-0.000496251699655087,-0.0005757743970056379,-0.0015535017980523795,0.0005681660225122529
2117.7,-0.00016295876467053834,-0.0008180521050893566,0.0013132755974550846,0.00018952806780835326,0.038526867554194245,-0.0002894049080264775,-0.0040654499283201695,-0.0004463170915589174,0.002842686238695844,-0.000529804786522573,0.0005764015686373794,0.0006154849016204569,-0.00046386102792582814,0.0006593484763461988,0.002355446158318196,0.0016951215531849327,0.0004266068485508055
2128.4,0.002099580928260044,0.0009083284333162693,-0.003915964617013229,0.0016864633054856453,0.049088343537882086,0.00277680606502095,0.01525500143974061,0.0009098671763362247,0.0045492073650864415,0.0023266725834957475,4.401551374324194e-05,0.002988969276713534,-0.0014789914096340656,0.017377237971676594,0.0015491692521316948,0.003972188842305215,0.00474065958013447
2139.0,-6.7788404401360356e-06,-0.00045506729089959903,0.0004408975004865877,0.0002796295553987339,-0.023684319260271695,0.0035448612995626384,0.016607616380674612,-0.00022863533578220985,0.0003187661728932007,0.0008684618849994784,0.0003323310957548607,0.0001898047176452019,-0.0021285314297718842,0.003523553985565266,-0.0004591688520964256,9.348055998653913e-05,-0.0019060634166911
2149.6,0.002264721800545097,0.0014952056995434712,0.0005772124096917727,0.0001386468086477469,-0.008098231288795154,-0.00010939455510528474,0.0005134982406460058,-0.0007165742076984024,0.0008676686717199158,-0.0012122160394991794,0.0006262146894926773,-0.0017092960566020869,-8.698331043364173e-05,0.0049945619730179395,-0.0012744095835579977,0.00026251423052455527,-0.00013073483980798016
2160.2,-0.0021796612547774013,-0.0010935241140974546,0.002584506946723396,-0.000575211218737423,-0.07359093547785625,-0.0011383390598531731,-0.001675592738034068,0.0013769039191283685,-0.002932007299953119,0.000312805562469512,-0.00014657203615103324,-0.0014306128993419132,0.00045475813202593444,0.0029238554410449587,1.0623923442459062e-05,-0.0016552868788131622,-0.004385678525941697
2170.8,-0.0008648999581899066,0.001152033637796812,0.0003722730595857225,-0.0024208557942589134,0.0007617124782891466,-0.0021758147798519433,0.003985801858631235,0.0013909892501544642,0.0006909646390577853,-0.0007743446449147693,0.00028933197081655636,0.00027983016414591996,0.0011143946995525152,0.0023864069242029626,0.0018156803218667378,0.0007518254962758852,0.0003882935655429088
2181.4,-0.00205128199075342,-0.002294723921715066,0.0004099198286558119,-0.0019271985351170717,0.03231566083657989,0.002320024216148768,-0.0033649595455910305,-0.00013742685130556332,-0.0027190409867606756,-0.0009944918788978283,-0.0005680811091392567,-0.0011592305360460867,-0.0005138527829928308,-0.011827346921098228,0.0004403580014724821,-0.0011267592639557476,-0.0017267660199366272
2191.9,0.0007607895221297747,-0.0013104530186212565,0.0002064529873873863,8.512602226750362e-05,0.045359087617606146,-0.001832965049824595,-0.004094185966977186,-0.0006483861519863254,0.0035009055396178746,0.0004711538518878762,-0.00028893492475796413,0.0001826919497726904,-0.0010066895151383092,-0.004581642717266685,-0.0014450817812905123,0.0009674799054438551,0.0024606631450574544
2202.4,0.0015003975678838065,0.002149006560121525,-0.01812001688305509,0.0016599732812369356,-0.03873400146527132,0.0017014468772356568,0.0012832325924098914,0.0009378255582971543,0.001172772549500498,6.249369788898332e-05,-0.0005077291849123259,-0.000544515933866841,-0.00026065940707895675,0.004010830038884549,0.00023321947309565307,0.001664465165831863,0.0013742113186093771
2212.9,0.002007792138521286,0.0018765767867855256,-0.0012131084180099206,-0.00027891925390903077,0.0396745701045874,0.0008734412122367401,-0.0010950061302192773,0.001528780271003892,0.0036030327230864314,-0.0005954427710157478,0.000417090652373096,0.0017550939939529342,0.000997550646603473,-0.0035903576168592006,0.0024631324003877215,0.001800680447891166,0.002977319467723643
2223.4,-0.00010129830600219585,0.0013651365169985552,-0.000926036333148983,0.0007301234923891885,0.026596537569020133,0.0007645093043114952,-0.0006416166538074209,-0.0006111547248316587,-8.830421213178677e-05,0.0014531957948228846,-0.0008713706814934599,0.001751251428416614,-0.0026400361481740023,0.009716536274063475,0.00029418906289264745,0.002926773609137815,-0.002367988697989985
2233.9,-0.0002841530651752346,-0.0006500547774421307,0.0012418540627246977,0.0011405589725855673,-0.015666228392739023,0.0013073507333552566,-0.0010727586474092133,-0.0007645200985341913,0.0007854840065096876,-0.00146767940865704,-0.001311924783599953,-0.001300879820129873,0.0033328304269745726,0.00014331194275816962,0.00018908990348392413,0.0003933812675978453,0.00032835665305908107
2244.4,0.0025655499033450614,-0.0013037669859224416,-0.00033738718803419626,0.0007746628963014587,-0.05295868186931405,-0.004102293881776755,0.0012652650128675386,-0.0002663218510922637,0.0005722976940762291,0.0010943403522687474,-0.0003831061423105684,0.00011733295588655948,-0.001098093743271432,0.0003721325918232997,-0.0004260315230183503,-0.0010234248866690368,0.0005027584343452348
2254.8,0.0016548627077498086,0.0024193184376012722,0.0010534043240575856,0.0035993720341671465,-0.0010310487663802669,0.0002613500453746868,0.008695123138239157,-8.77863821416267e-05,0.002452145969467855,0.001877432087360849,0.0006429116950440565,0.002860792181628566,0.0004334662999951714,0.01980968277407278,0.0008761241092920652,0.002930725580929588,0.002542033335086789
2265.2,0.002525030390456853,0.003057659389204358,0.0008292577967147109,0.0015371476393838013,-0.003290238186570114,0.00026785984042384755,-0.0008667317831460313,0.000730324813496109,0.0018969553777689566,-0.00028978503432469855,0.0008613165652533379,0.001188266333179963,0.004542717792024183,-0.007442610827547576,0.0013054555379365766,9.372869944444871e-05,0.0016644627109186547
2275.6,-0.0015794211426583035,-0.0009061645350941902,0.0016422539559671377,-0.0018736073517373409,0.023296224445015903,-0.0015153867922078066,-4.518372992357472e-05,-0.00035691327269694347,-0.0007274667726528567,0.0009278681847963945,-0.0007041990452719472,0.0012220367435415976,-0.0020142999755028246,0.003532096943757649,-0.0007683242974902571,-0.0017551021790674168,-0.0009154936182483787
2286.0,-0.00023957048586691792,-0.000506825073977966,-0.00029662724189944713,0.001523432407038615,0.015260440067512997,0.0029710353485210648,-0.0002507397417297092,0.00026680705741457584,-0.0008179299702826189,-0.0021322197315663256,-0.0004478358425615329,-0.003302872617825912,-0.0011934409764894703,0.003294136437143492,-0.0021115622499722642,-0.0015879535591201302,0.003081009922571093
2296.4,-0.0007030677586669274,-0.0005377457783987897,0.0007397802751906356,-0.0005454316792459635,-0.03080062026627676,-0.0010054112245736302,0.006451859377989395,-7.058237446373179e-05,-0.0014696328488930299,-0.0004682027893022572,-0.001860141735103586,0.0011908675201371811,0.0015536287926427032,0.004437424556238028,0.0010844939988470866,-0.0008281030223141302,-0.001053824629104908
2306.8,-0.00287042526817003,-0.001636602541677835,0.0024089712680056474,-0.0026916169169658587,-0.028465758614935898,0.00039169367971550483,6.709503412930827e-05,-0.0003375367095600313,-0.003032990200142076,-0.000477901606125825,0.00013429480138461042,-0.0013695685325600027,0.0008954205928784145,-0.0009123055772284483,-0.0017150943877956195,-0.002754811390324504,-0.0034285114497010515
2317.1,0.0014330836404743122,7.653186987907042e-05,-0.0007941440961571631,-0.000862469145127605,0.04543255095019507,-0.0035445135535656677,0.0018338793754139645,0.00030182459009769636,0.001149973166244302,0.0004885408560738544,-0.0002699886414054893,0.0005552359258906149,0.001864039451818162,0.011809808994323068,0.00010965250519619648,0.0039274873187052925,0.002269911448028978
2327.4,0.001107216743332652,0.0013482380855138049,0.00026243589172116717,0.0018528968012543855,-0.010399210408842856,-0.0006057082406319534,0.004740842485216618,0.000779490083570409,-0.0009623609270615652,0.00039806078875311544,0.0010683879064905194,0.0015478880435365794,0.0015950412884972235,0.01829670941230128,0.0006267580319628015,-0.0011653901920252465,0.0008516298409192869
2337.7,-0.001402845720616951,-0.0028297628781281644,0.000843807485789605,0.0011205958876842766,-0.026658713790160188,0.0014926611339005978,0.0023491557931611673,5.909103170844135e-05,-0.0025796473753760965,-0.00043338416324366873,9.810715890919486e-05,-0.00029478345483832647,0.0024799283672567018,-0.0024588134921276496,-0.00014943294774492116,-0.0018224982905389174,-0.0024129604589988194
2348.0,0.0004925224241577985,0.002761576021305452,0.00021205572320088264,-0.0001554956847867212,0.03630712277084364,-0.0014362830179377778,0.0055495767631722325,0.0017363554648737436,0.0013743991875970448,-5.984302565985479e-05,0.0014499851161513344,0.002234247847803445,0.0023033923488010102,0.003792960497741263,0.003094084233757084,0.001155044918860211,0.001964989123139925
2358.3,0.004048022632659681,0.0017978594322012424,0.003077252292696174,-0.0024322116172913223,0.04630023716564689,0.00012152506077233396,-0.0003562696256966167,0.0013703038375946417,0.0020543842154577175,0.0014026760269020874,0.0016615075015824524,0.0009814285245318423,0.0008618688799879424,0.004285724228445809,0.0007352846382033821,0.0017861454380377923,0.0031719408160672475
2368.6,0.0018088134526832854,0.0047640199406231865,-0.00022552072746977842,0.002287494924088182,0.027605665576270606,0.000583674981727342,-0.0002402211636384074,0.0007876795007260576,-0.0028232860802663872,0.00043384964837469333,0.0008192190533928646,0.0011535821732053518,-0.00089351892344279,0.018723715098055326,0.001975090731493268,0.00020440927941330354,-0.0017779296480348672
2378.8,0.0004010392584752259,0.0022264973076796474,0.0004980494238617827,-0.0003493560749884229,-0.02643293274665182,-0.002084145276782253,0.0029191210069841674,0.0005538744288871194,0.00471372602059876,-0.0015275407137135112,0.0017775314769356493,0.0005428882008936663,-0.0016407190934546346,0.009998704984868238,0.0027833992442748644,0.001499323806525423,0.0016928492858687835
2389.0,-0.0010576367154654996,-0.0011825879920437524,0.004758639946679838,-0.0014555166291406788,-0.02085273554328772,0.003225079975813394,-0.006233472279093852,-0.0008590481959525233,-0.0014840180786920999,-0.0004175625435124143,0.0009041523484526998,-0.0012511950207683272,-0.0015522184717101106,0.0040929092994706415,-0.0013387711843683302,-0.003408577778063137,-0.0016628354109423649
2399.2,-0.0006770977945525338,0.000982154511902163,0.001661578845155026,-0.001471338885084599,0.0036705554303837354,0.0007193794028958321,0.007197406304417266,0.00014568269609208952,-0.0018288457365823704,-0.000670597153184048,-0.0001567203934166448,0.00014375015477797448,-0.0020758552692166214,-0.008683553483333805,0.0008827377551958043,0.0004853723765744305,0.00201000843451703
2409.4,0.0005414998280643886,-0.0010594266779639402,0.003033335110033732,0.0009163694479310387,-0.06587681611611843,-0.0004259266361562109,0.0013158094457084313,-0.000267800211381785,-0.0019909601121013967,0.00011606150899782303,7.562314254643615e-05,-0.0006416631919078424,0.00045575706787734523,-0.0006925537912694634,-0.00048815914130893504,-0.0012612266175049795,-0.0024079453116500056
2419.6,0.002228944307086183,0.0016449855926753691,0.0005829798144005573,0.0028558029266009467,0.02439415066588148,-0.0004687564817123957,0.0005119508639222735,0.0006228445391381171,-0.0001795347418288192,0.0005062595514037326,0.0006752735858650081,-0.0005438236715870131,0.00020584174157415707,0.003528820014865429,-0.000845827194081734,-0.0017274092250568814,-0.0006472075301140241
2429.8,0.002401782119523205,0.0028042913928932565,-0.0007910087448344081,0.0007514499819762857,0.07021461199602218,0.0006570284420867498,-0.0009037227713552832,0.0011454755350493303,0.0023401950558778325,-0.0003465630428334522,0.002652742616872093,0.0029549204142604725,0.004244224799069642,0.006736716528943612,-7.03206891148089e-05,0.0040516088416056644,0.003881707089180863
2439.9,0.0010471844900533476,0.0020520397782844905,-0.001792724846170327,0.004250026471348998,-0.011304092373923899,0.0017421361675584916,0.007871393962786653,0.004275247511110119,0.007281441339266666,0.0018716850160534996,0.0016710037366528944,0.0037632331185935863,-0.0008633353688290812,0.0004456284100663705,0.002255588301385462,0.004790052441457636,0.00394740287218934
2450.0,-0.0018466672545006016,-0.0009536019271780886,0.001408446577701305,-0.0002118056751554967,-0.010262173154265397,0.0033654745549377045,0.0036492833803380698,0.00012259585603977688,-0.001140640933451755,0.0025197225766320237,-0.0006874590472386575,-0.00011480852109577142,0.0023299923980823456,-0.007395983159137684,-0.000937906156284516,-0.0012092926047488292,-0.0019963153444791113
2460.1,-0.0006891017352546351,-0.0012220850691590404,-0.0006148065332034359,-0.0006441266112797507,-0.03515068735080321,0.004100687096357841,8.092230994749968e-05,-0.0009821469473461255,-0.0008512295917048047,0.0015507659172769208,0.001474295645704713,-0.0018131052733913818,0.00014139775290778787,0.009407730663641329,-0.0010745591153878383,-0.0031035496773374176,0.001650218723165812
2470.2,0.0002757448549089389,0.0021196888265204855,-0.00010648573599291281,0.001060750823211689,0.048409408569781764,-0.0001390102611768596,-0.0015067013054695067,2.0099235287364836e-05,0.003952213912791217,-0.0005325154252069669,-0.001523432051145501,0.0006423980003870637,0.0028199107149826093,-0.00033154897815074267,0.0005444791694509071,0.0015608186566998573,0.0014217889627075344
2480.3,0.001543657914560038,0.00023397299669497315,0.00048669329014726446,-0.001382067770974096,0.05248856974709929,0.0017085108108434379,0.00016864834439893624,0.0007921819175896102,0.003421647952768012,-9.32069966960037e-06,-0.0006502697569624626,0.0017745258805529128,9.030971909104152e-05,-0.009542877039248212,0.0016821461670622337,0.0006104086634418924,0.0014712943723405407
2490.4,0.0038516494073693795,0.0011387945093148245,-0.00165020762750549,0.0018021563565202689,0.03802628506884932,-0.0011069609833374238,-0.001453603349706674,0.000979817010259086,0.00026135007626582095,0.001277135186434259,-0.0006505819419146103,0.0005807514100902799,0.004881229599649812,0.0005831433502427959,0.0007147535434922689,0.003559880358727225,0.0019459765971218648
2500.4,-0.0019079943710739989,-0.0018436276514059557,0.0010390847798769864,-0.0019139278839457705,-0.07476716567871124,-0.0024798315546163434,0.0015630247708028737,-0.0005655502288336109,-0.002146411940712632,-0.0010334144692826094,-0.0003646860547716897,-0.0014750296892281423,-0.0059054725258824775,-0.007303683682222612,-0.0015581829022368516,-0.0019520836092729954,-0.0018262138840232634
2510.4,-0.0004414464746470513,0.0002787517131160081,-0.0007403703498013266,0.000695023922963656,0.00910586192086458,0.0022115077412714263,-0.006936156639827916,-0.0004458664037527129,0.000713940094521497,0.001156758238101509,0.002977410628760194,0.0010633538804914707,0.006632780813235082,0.009575524422328844,0.0005710342697836936,0.0032660797589859933,-0.00029317865576035775
2520.5,-0.001168986747127551,-0.0023895341833287554,-1.132154726871904e-05,0.00021737735991599757,0.024809675145509604,-0.0006453168461908958,0.0056616674513248364,0.0006504776921930685,0.00032941674588912213,0.0009853340826979481,-0.000589608431707476,-0.0007079574703552845,0.0022161225317112693,0.008880493240615349,-0.00045958591378014583,0.0001659034367549391,0.0008391385353656654
2530.5,-0.0017045801546405298,-0.0023542879067089705,-0.0005430382482571857,-0.001345569605580859,0.006644707087138312,-0.00033548190286588096,0.00281583726069891,0.001296163530933361,-0.0007013531745767369,0.0003508408386810477,-0.00011280792664177166,-0.0012725836938370465,-0.0010433490331360562,0.006394155555957709,-8.748498641322049e-05,-0.003434093539741288,-0.001604958422063751
2540.4,-0.0004348592959679025,-0.002524754489114461,0.00229886063782095,0.002549188762286236,0.009424040562130396,-0.0026590324458109858,-0.005215911546249342,-0.0016390489708932687,-0.0031947118867662635,-0.0014590103803489797,0.00034074374159944306,-0.002035559514755542,-0.0027188765512329905,0.0006208386709121078,-0.0007101938601031305,-0.003121688506779094,-0.0020041351284802874
2550.4,-0.0027382378734592634,-0.0004996645238999937,0.00014147161251414913,-0.0004704271030436206,0.01857282372348634,-0.004377632772945136,-0.0042722037171501045,-0.00031067063126961637,-0.0043919764670754214,-0.0029420782578589762,-0.00025761266110411,-0.0008195481641131457,-0.0009140390305758527,-0.00467035981315118,-0.0002888276029302882,-0.0020272497122275843,-0.002371132756892551
2560.4,-0.002827401582008057,-0.0031151500785767342,0.0029851184225227812,-0.0016976364851665256,-0.025407824863048125,-0.0007386950721279737,0.0010812349210213587,-0.00257354683115394,-0.005649253912576095,-0.0003266442214255156,-0.0022908212265122067,-0.0029984841498244728,-0.0008784440723666332,-0.003537824630500531,-0.002754505545375326,-0.004322121605745858,-0.005913618930281177
2570.3,-0.003775157684611708,-0.00028322572629058216,0.00046357889980713063,-0.00019985767667908446,-0.06851034625671444,-0.0037900433357397844,-0.008996960803996604,-0.002010403930289797,-0.002513007230933097,-0.0012922134294961636,-0.0007339500857505637,-0.0028522479288064185,-0.00494173088141567,-0.0035903682153276954,-0.0017519578548796577,-0.0007633744012286755,-0.0009275171857485203
2580.2,0.0014836177959641486,-0.00256677093752838,-0.0002325871874793281,-0.0024632725221047547,0.01347151870877352,-0.002975229670247552,-0.009583854086433334,-0.0008437376086825289,-0.0013092048134037743,-0.00016620423635014888,0.0005060837564222027,-0.00012905498169425846,-0.003121401765181534,-0.011041499678671556,-0.001414760133826516,-0.0038698662566310454,-0.0022531499100584837
2590.1,-0.002648838214745116,-0.003213839188447179,0.0020426741761440936,-0.0019374369302628052,0.016943446826119795,0.002442181072548607,-0.0012295154102590607,-0.0018961425784897966,-0.002215975322779801,-0.0003239345925599449,0.0003515204394371206,-0.0016628238326458018,-0.002169691622363971,-0.008523196493265224,-0.002736097312115834,-0.002760249184056488,-0.004141800077235743
2600.0,0.00045801193679417514,0.0007255934392366645,0.000509897954686233,-0.004067025300420479,0.0162505333413226,0.0001834663443377677,-0.00779918198728089,-0.0020028463693934967,0.000603546505698387,-0.0038185331308974997,-0.0007977661810601439,-9.408887643839684e-06,-0.009012241651500646,-0.000885487041903669,0.0007074308263648175,0.002082607910484692,0.0020037785341394743
2609.9,0.00046123350666350344,0.001964472715948117,-0.0015091909962963992,0.00025778317071234187,-0.03049847549623482,0.001323075482797271,-0.005010684341620086,-0.00014403583932433696,0.002990599991853438,0.0019599385553429414,0.001424524543638229,0.0019594769285309717,0.0011169226659901678,0.0025415264913780477,-0.00013789210959599046,0.003780738415093022,0.002704222931407565
2619.7,0.0016676551925854037,0.00017397886490550755,-0.00048647620417908977,0.001059026804600458,0.034086329123970714,0.0017239141410475712,-0.0018880974008092643,0.0005017014255588459,0.005217542019875948,-0.0001431026087085547,-0.000186723362440411,0.0012748906355459044,0.00034843094928808325,0.019971716276061872,-0.0005425039126470021,0.0017875204658285317,0.0034127271342952563
2629.6,6.452634693383732e-05,-0.0016331227110248326,0.0025721689915788235,-0.001266727107129296,-0.012071081657331936,-0.0021791653140615873,0.0017553441909798691,-0.0005002415965062862,-1.1554666029057204e-05,-0.0011492171402943659,-0.0006513785025820439,-0.0017927759120822879,-0.00023811333605642046,-0.004541045091880803,-0.0012132492925604624,-0.0022965419712210216,-0.002773030254749105
2639.4,-0.00048391755370295105,-0.0024187473288291034,-0.0011696867158852177,0.00030642306212211643,-0.06672681923416808,0.0018240370571679617,0.0001142474736438718,-0.0006957149763115389,-0.0010065824158408422,-0.0014190769319556817,-0.0014094627758998268,-0.0014651239269489384,-0.002415858438795961,-0.010794289462950076,-0.0008597562576981976,0.00010931772145483973,-0.002675562098717133
2649.2,-0.0026870303311779826,0.0006649670376915042,0.0017676211873038144,0.0027228900959446398,0.04714974695808569,-0.0013386835414444546,0.006425665506873815,-0.0001758480002110895,-0.0011745381763434526,-0.0016839248631473171,-0.0006916315804244807,0.00044093006559274247,0.0012720428679812601,-0.002383689799853255,-0.0004998751572514833,-0.0019300979479696411,-0.0011282733363680584
2659.0,0.00032101960038693735,0.0025470451440050136,-0.0024604758950598116,0.001459205413070123,0.125853147157421,-0.0012168128564998275,0.011543204577599787,-0.0011761969164289679,0.003721638226926961,-0.001307771146030527,0.0006317728466069915,0.0009681764527415596,0.0007191061215588145,0.0074386974134539536,8.879016073340736e-05,0.0052199054594960406,0.004038766265923649
2668.8,0.0005278981191239413,-0.0021462427498238493,0.00011410299315982174,-0.0027180410476526627,0.057726627027247436,0.000724163335894214,-0.006590546440309185,-0.0017803189008043707,0.0005474147374235563,-0.0010077197843745872,-0.001519574453965156,-0.0028027297230739864,-0.001711637267396891,-0.002585770374413031,-0.0010222464956563058,-0.00045865494958497566,-0.0016485307846716968
2678.6,0.0011057113245362378,-0.001751173011702971,0.00043960521191641603,0.0006081857256584758,0.07170253112874576,0.0036517195352903137,0.011169885845907435,-5.059766181752136e-05,-0.00490617279614493,-0.0005906932349593428,-0.00018248944712177643,0.0020476347712006676,0.005413118485364575,0.005477885735788604,0.00040761699384921746,0.0008489753151432659,-0.0007247348636899561
2688.3,-0.002622643645865451,-0.00035920623999366496,0.0031500327999949723,0.000320284964687034,-0.016965772561352812,-0.0040898019852062106,0.0010770701239407345,-0.0005835593283402134,-0.00507520549383076,0.00016906855847039038,-0.0017177631264617041,-0.0023866802982336214,-2.273857531622438e-05,-0.0016275463152144423,-0.0006741564212788554,-0.0037823964898622497,-0.004975109513898228
2698.0,0.0010140995554624396,0.0020284484773770766,-0.0001904417392174095,0.0033319498938115147,0.022741822694375132,0.004474433792104501,0.012261853218909768,0.0006219526898108945,0.0010256829049321852,0.0021115135292411255,0.0009925564465928262,0.0016341409744596042,0.0026642006212804614,-0.0004655224100548608,0.0009241683118339585,0.0026592319877827473,-0.0016564474888583255
2707.8,0.0026213468341338424,0.0004655368911611355,0.000514763716456137,0.0013687099820524008,-0.01479578075719777,0.0022303408898952694,-0.0013549972571648388,0.00177506732119321,0.0001752281370082521,0.000846628532087773,0.0012077188884330983,0.00028997564197554796,-0.0034425071328074994,-0.0026775029202323495,-9.914564577041858e-05,0.0015592355898570527,-0.0006666889853346258
2717.5,0.0006070255680715109,0.0018905040047253075,0.0021845496038282656,-0.0033992932430297195,-0.10772216833369462,-0.006255813117588922,0.003467248805958582,0.0027995710245998784,0.004203341095783148,0.00041974753984479093,-0.0002608273479748579,-0.0015927717320038419,0.004563664548441282,0.0009354590559838559,0.0010828764094250362,-0.0016416059587452555,-0.00011189653165157976
2727.1,0.0004966120457877412,0.0024366544049970336,-0.003126568985587413,-0.00014150893410213677,0.01112991608696953,0.005826064695519486,-0.0030783388119561645,0.0018607069159969228,0.0007543464893528048,0.0009555649545190746,0.0023092161205637814,0.0028208372836916267,0.0037408213057969104,0.007659584150574889,0.0011850968822541277,0.0036431838571882036,0.003174276431102537
2736.8,0.0004738204578510314,0.0011810523888967494,-0.0031380002079811585,0.0019471787656162444,0.012101700123736228,0.0013854236913358466,0.002995622356379499,0.000930280550915265,0.004892211800686197,0.0014806037206202094,0.0022787689508189175,0.003169130686921214,0.000266133257386931,-0.010647160892431002,0.0017084593649273191,0.0037394004704541716,0.0003946839191095111
2746.5,-0.0005519937773361089,-0.00024232677632104473,-0.0011448309066596342,-0.002090847173343251,-0.010704701540087814,-0.002612610642937608,0.007907697740762611,0.00217861659826201,0.0012093484865372444,-0.0007325019471357848,-0.0008703569046463168,7.464199430802615e-05,-0.0022844901495305456,-0.002133853968858259,0.0014650276829838863,0.0016428099178458283,-0.0007263050152871251
2756.1,-0.0006893781667611382,-0.0003190689191456883,-0.00045562967926444546,0.0015225475941704051,-0.0334066776331997,-0.0020041296709153744,2.3870861278233198e-05,5.971041014387482e-05,-0.00014987827009144115,0.0009005541858830541,-0.0007599447414595882,-0.0010971263381267086,-0.001807571089650897,-0.0016084323899349766,-0.0006183742860134706,-0.0017166841263514488,-0.0014113854869303366
2765.8,-0.0012411087794412952,-0.000693034861225429,-0.001188177391616781,-0.001738260031267538,0.016950861766292284,-0.006061208643511618,-0.004172393719124269,-0.00020437150338697068,-0.0021618328468408854,-7.0889533947663e-05,-0.0009530886199605948,-0.002428911414532237,-0.0035144083931644404,-0.0035052367129125403,-0.000318383948969556,-0.00020715013917222693,-0.002976369464062106
2775.4,0.0005871341436651938,0.00045217083015591325,-0.0014746403408409177,0.0015309522162622667,-0.03574987995228641,0.0035476070195833665,0.0020548746112261885,-0.00016817988433610209,0.005367895620799897,0.0013797007102605166,6.981528589085985e-05,0.0003335665237973241,-0.0018164503698860218,-0.004143648122029863,0.0008839370082419586,0.0033479083036998137,0.003262546237953169
2785.0,-0.001791679894109189,-0.0009988422689443167,-0.0022507315134102967,-0.0018253612621265802,0.021141963813116643,0.0013279123417638686,0.0014677535720001534,-0.0022628812561817373,5.253154752230597e-05,-0.0007823176855468173,0.0005948084019948961,-0.001008040799006462,-0.002421363350365268,-0.0028976059238552264,-0.0008318107888079267,0.000489166811644593,-0.0004101982035582645
2794.5,-0.0006969305645913342,-0.002019958318168284,-0.0010480438857222594,0.0014220018465123654,0.05679118951830778,0.0007144577393316953,0.006035914567503592,-0.001850070470969014,0.0016351518876551341,0.000767245645631913,-0.0004981766739312027,5.028469858926986e-05,-0.0043164972853794465,0.005041106919090233,0.00025106091585232453,0.00045780549552568975,-0.0012775787621168483
2804.1,-0.0022337661898074903,-0.002075315967103316,-0.002682038867728124,-0.0022790674750116785,0.005710139149856663,-0.008520130352131318,-0.0031277336049268406,0.0007968742296163489,-0.002053815490682947,0.0022287496793683636,-0.00043259879996679845,0.0011585798934563999,0.0014614311378594025,0.01425126309629571,0.0008631362500822531,-0.001072088040966169,-0.0015454300441255634
2813.7,0.000448663812418181,-0.002417864128060601,-0.0012310291008707194,0.0017302180466789348,0.009907185204733403,-0.0032850643228959143,-0.004964909925061231,-0.0009538184143896081,-0.001603204340383171,0.00029418802365271604,-0.00029988026566116097,-0.001512703866579904,-0.005657062573206934,-0.006065759941833057,-0.0006100216955039538,-0.0003564272479714579,0.0004378340663783337
2823.2,-0.0043770598135168225,-0.0029933909270186093,-0.0001801049718437684,0.0008771546991547162,0.019555933805786064,-0.00408070387105612,-0.0033365488283420746,0.0014028036275923013,-0.00648021749550881,0.0023028706553863665,-0.00039507857176032023,-0.0026309607765964754,-0.005908332320064821,-0.002562300319141191,-0.0010806966921837313,-0.0048729480569791005,-0.006047087389577451
2832.7,-0.0032047665196824737,-0.0019331330857263996,-0.0008529153247896882,0.002637537610752532,-0.029662865110071806,0.0005771195603766967,-0.0037373647483597123,0.0013422813321992957,-0.0036334438112121657,0.004655163330643296,0.0018654620545675356,0.0015898133711255555,-0.0027955814999528236,0.006568878867587749,0.0019141470254767296,-0.0027481035450951587,-0.003247770925629809
2842.2,0.0011389143471070163,-0.0008844231211700262,-0.0015646159023133105,0.004259440041854673,0.009492147921973164,0.007480737715751101,-0.005040513794842218,0.002621454258966158,-0.0053983857480352495,0.006553354949218218,0.005429661356839405,0.0032093409257635936,0.0009642394187840136,-0.0003548994654129467,0.004233320047130246,-0.0008365010830878049,-0.0008161007771700412
2851.7,0.0009703669069641942,0.0007919315705575056,0.0001896964694473602,0.007512048999001295,-0.012852069532748634,0.00026891123412628513,-0.004218051074121631,0.007854200262866108,-0.006046388046335637,0.011976284279819683,0.007195039757666356,0.004377944913655723,-0.0007746481939150316,-0.006775135652629197,0.00694196497114171,-0.004687809349677468,-0.0010322717663836108
2861.2,0.005776209836733052,0.005165600082333104,0.00016844008270532036,0.012722661820819145,-0.004683017209155365,0.006616304954924243,0.004772655355947322,0.018745450074886146,0.002531315595145405,0.016490079490834825,0.017855018049352047,0.0102968704040538,0.003860617875703823,-0.007480231008891482,0.01482959825440892,-0.0012934265217272077,0.006710983417934491
2870.7,0.00984812560448774,0.009418083910828613,-0.0021599003376135493,0.02100590476922576,0.034790948038652535,0.0128327429016788,0.007951248838509851,0.022260249678342354,0.005067631385257511,0.024682483947152865,0.024387412251542576,0.014310275266514953,0.013851776581397331,0.01808902178185829,0.0206780418151124,0.002439641275462566,0.014643618400299483
2880.1,0.010677982649752742,0.006996214697252008,-0.00025475667347921367,0.01869342978956044,0.013709340834555248,0.013556751995655866,0.020046709723736747,0.01733500788270003,0.0038374389906508394,0.021780911708034367,0.022432627806872586,0.01162530674159909,0.016372087967480506,0.010345421992096445,0.01660368806511689,0.0015690868367271176,0.013655511872787442
2889.6,0.00961042247723321,0.013987504779165242,-0.008735402371059435,0.01672540471290766,-0.03493857204577885,0.01989718931360049,0.02748257794602902,0.012659630481215602,0.015592724796174278,0.0155787034350254,0.013346751329974376,0.014618903522680679,0.016127000586494862,0.01103957837554905,0.01633169051935587,0.01363412120026897,0.01812672440791799
2899.0,0.008386178009530903,0.004430339933651889,0.0030369761973401107,0.015480953051600462,-0.019356170089240853,0.010708223539462896,0.01666740332750049,0.013694111189712326,-0.0006492759388538168,0.017803832574741954,0.016536347666008103,0.009107497203457557,0.009090766888017902,-0.0023887265059180335,0.011447166167738849,-0.0006982547171259601,0.003626497649480302
2908.4,0.005412325928061263,0.00533559408194173,0.0028601591670255103,0.0186887102872564,-0.03445684866917409,0.01334940352860774,0.01691771480220795,0.015112852938481717,0.0017056606013392697,0.019190676945398773,0.017142207980098714,0.010414220004065666,0.013165691888745147,0.010854387220391557,0.01296101531389362,0.0019163089589167494,0.006012353786409104
2917.8,0.006780723453518175,0.004372929102684174,0.006059336408012959,0.014293657251362803,-0.01962928361698515,0.01019267563826944,0.003556715328738229,0.009783901739942856,0.0018812822070018503,0.0157874255039746,0.012943521498746908,0.008765774505284525,0.0037581593537517003,0.010441902879139606,0.010639190599916824,0.0033003030248058367,0.0037994268132377695
2927.2,0.008452921545048113,0.009279239563887369,0.004306870984258251,0.014281529408911255,0.012992454033176167,0.010513214979132027,0.008915325487134617,0.00939640982502314,0.00854101328103873,0.012220372550369544,0.012968679190741352,0.010091793002689654,0.0003925194391741202,0.011911664286920285,0.011694181837787497,0.010817050076025899,0.006774209378125978
2936.5,0.008151488003018001,0.008964389654601865,0.014915501663289399,0.009226369379809682,-0.030826737181481174,0.005045844606836275,-0.0040101475709695905,0.008830356630022042,0.007932661300512487,0.01171235937751819,0.0100123558403591,0.007084329268923858,0.0005981459396543909,-0.010028178349542024,0.008759236363071977,0.010084938193363625,0.0012112487639104302
2945.9,0.013550547279017335,0.016854977563495105,0.018808208020680502,0.009153293045155109,0.06596583455514,0.013382051532861415,0.00845677694923118,0.011578642490410731,0.019851913355068786,0.013758675193192668,0.012551275515487393,0.01488988419730687,0.005476981670338621,0.011767338507306106,0.014711952938366775,0.01809918155666859,0.011755380728333781
2955.2,0.026520327554023254,0.02676653534222261,0.034113632811485696,0.013691319170494902,-0.007944866482018911,0.010644113535288505,0.006214890410709637,0.016713264043229707,0.028906134048724507,0.01798200139162097,0.016093487266347385,0.02048749074346278,0.006436831048985501,0.0007836335008392008,0.0213462293351552,0.03249894029503839,0.014041962103332572
2964.5,0.051526995476841114,0.05588204141252744,0.06302590821210846,0.016406075475060865,-0.07445927551852971,0.007308248022600376,0.007151618980619626,0.02811923532110269,0.06452149649020304,0.02234847325382466,0.021165530607723842,0.04024135616609095,0.009289246867719859,0.0006036308454696646,0.034415708146805904,0.06749729402368365,0.029858294390161213
2973.8,0.11216832850931427,0.12437995450625818,0.14817974959642008,0.0227769821907266,-0.0747275736297331,0.018510389431933304,0.0032707356053868525,0.04830155044506157,0.14730722641501984,0.03184338133504678,0.028722602380441598,0.07863293722672265,0.012844991704034915,0.0040886902622985265,0.06378813910692029,0.1586237379374103,0.06619528264952954
2983.1,0.18288250915819515,0.2087732174579152,0.28981367826330867,0.03509348677939253,0.003862946109947145,0.027341155162847502,0.022551428412962184,0.06677242312725296,0.25460142637715594,0.04337427711247983,0.03963721079264041,0.11967798212724301,0.019678131809520133,0.017917879318086947,0.0942085283827633,0.27635430699487307,0.11517078203961073
2992.4,0.1587444570939336,0.1812972523962687,0.3095654012511587,0.03804741234313907,0.008122325158908837,0.03687886795394056,0.01775803608749113,0.07632801268712541,0.21801328922851868,0.051447660344552025,0.05301210899317622,0.11383244179075575,0.031287760051353614,0.02362597124520436,0.09333896420308944,0.23910640164701688,0.10930514292173674
3001.7,0.10440091579389349,0.10995090923594229,0.17778819229350856,0.04781136154908309,-0.04361122925655686,0.046950804263240636,0.033676631577540986,0.08004597376259819,0.12325489781300729,0.0694289492244684,0.06869363380057086,0.09292487233846068,0.044848707722863236,0.025247581992464734,0.08445721526641059,0.1273889590929142,0.0844885884654497
3010.9,0.09834616538535079,0.09614536540972843,0.08555054655997263,0.07399501718846196,0.06775548683692106,0.06834670637630356,0.06073463082512164,0.11536032982684695,0.08624996328156734,0.10383676665806787,0.10102558160630344,0.10801355711541456,0.06181277296932471,0.04023679156667535,0.11009801210423001,0.08118894579044494,0.10291980217375526
3020.2,0.13554520429366032,0.11959371222802788,0.057441308026454536,0.1260625839351743,-0.022860643902267715,0.11881668428705486,0.09408375042454768,0.1803526209678699,0.0928135968164019,0.16636894174783773,0.16397480598371345,0.15734082323711376,0.10895506179351862,0.09557993292286046,0.1684903272502617,0.07706272560020151,0.15170466575560437
3029.4,0.16376420089376253,0.14465517211047615,0.05166744530726105,0.19025260390835938,0.03244684060114553,0.17423888110514113,0.16725715414173334,0.21959553424912137,0.09871007574015761,0.21473155014962858,0.21636221079916812,0.19096470489561182,0.17406460219593928,0.15412703555672552,0.20535581698323774,0.07851535338404073,0.19955114967496126
3038.6,0.1650690851931168,0.14292073252046514,0.049406212230958244,0.20903994374762994,0.1265113566826707,0.19526484697984484,0.1915767887716472,0.20597135245945924,0.10866084366654416,0.21246568729940266,0.21325230270202997,0.1880992196910859,0.1928964989607577,0.18049775768953447,0.19706833087207845,0.08876752715424625,0.20022503593239657
3047.8,0.14688838513346836,0.1322556969234329,0.0660498491635459,0.17413588091937268,0.0821406743157971,0.17320965169622407,0.16697616766685622,0.17331324770176096,0.10339942516474862,0.17784711590477592,0.1774321243103287,0.16092962942520378,0.1697058924472689,0.15048129615583805,0.16854991125489277,0.09114781687204433,0.17254299865784467
3057.0,0.15082808354999275,0.1437106472764944,0.08773047175494562,0.15755831771519369,0.06544273408167768,0.1545009434114429,0.14186741767931785,0.1687039948635657,0.12364966936600807,0.16120259732573808,0.15774969187646506,0.1593322422861132,0.15018475736289555,0.149120295407799,0.16414367406719393,0.1133404314107493,0.17852560063532272
3066.1,0.19921629450775888,0.18731515428523487,0.11107332919642468,0.18387648598362813,0.08655726559501566,0.17738920304513756,0.16495752895879895,0.22588963623943312,0.15796711313037334,0.20522720059809005,0.19817295960058426,0.21837176201356268,0.1695118575839142,0.15237171904819155,0.2246246153204817,0.1478662801072038,0.22928210288699594
3075.3,0.273196732805554,0.25130664738873626,0.14257723221407054,0.27616048991052344,0.11469410129860043,0.26301952520324284,0.243385820593178,0.30695310337298276,0.20615225239882573,0.3034501219703766,0.29131839871187265,0.30023331771971107,0.2615518225709224,0.24083021741685018,0.30664015628615615,0.18864649140918052,0.27615367563658494
3084.4,0.27112358201557646,0.26288278477310084,0.19388499015889932,0.31459054691259997,0.26485660083054063,0.3171396228687831,0.3187379970490147,0.27395503622614387,0.23551313066474136,0.2879565043641117,0.2947413102646561,0.27405783853464627,0.3169732118554577,0.31771778243240867,0.27228734707313124,0.22823203023968916,0.2750372806276572
3093.5,0.21912256178830855,0.22579938580881906,0.22998866060205497,0.21823045308997388,0.20870666508813066,0.22433214925932413,0.24410922889393094,0.17542015166740313,0.2337897272641266,0.18026138389066834,0.18971645072114596,0.19905789492627257,0.22610040045515506,0.24042904919802227,0.18546559948174748,0.2343096294690442,0.2138780465304077
3102.6,0.16524054184501852,0.1697335194768761,0.19652598179937594,0.1419180638270505,0.1410166777474118,0.133852336542244,0.15080894675095313,0.12738316886947934,0.18154287601767946,0.11872390020074564,0.12194881145974473,0.14253828954751166,0.13693339680061553,0.15243703142532927,0.13361067134061702,0.1833932039327537,0.1507101281323792
3111.7,0.13769216130979833,0.13664005561547662,0.1307089039118887,0.1183370270277688,0.0388642464162493,0.11627382486029328,0.11740900522444818,0.13013987571078373,0.1332906924634177,0.12176083780938668,0.11762044478468435,0.13258972492646803,0.11699495918065786,0.12647339957088446,0.13277708313282027,0.12659726768690877,0.1399376342180949
3120.8,0.1306529615789926,0.1234224506229628,0.08984636652335205,0.14218741129410145,0.017365692603068274,0.13874939941882514,0.12904561247449078,0.14038586507632603,0.10998615100820773,0.14134671832758544,0.137044470547554,0.13572319032501723,0.13617963750428105,0.13119974825333897,0.13865093990975488,0.09595223500528714,0.15603506543857462
3129.9,0.10057251623709607,0.09500785613383407,0.07369723281534941,0.13431381270402204,0.0796119339446953,0.13738869609438772,0.15375245794770212,0.10182169557380592,0.08581677828132082,0.11615216056563657,0.11728349332764353,0.10222193613471964,0.13838493941230043,0.14690235573323704,0.10395544962229765,0.07565535413536319,0.1254501516090343
3138.9,0.06408377519017289,0.06469836180517825,0.060095108532219055,0.08977467717953984,0.045496889776867805,0.0970104496442747,0.10399559382979193,0.05844139335151614,0.06276530279784734,0.06862657581329372,0.06781939529940272,0.05981770017125152,0.10152870814763461,0.10216799588861836,0.06069563096381492,0.058234838759621724,0.0721930365810077
3148.0,0.03863210121598485,0.0410607508381532,0.04798394416237653,0.0486754702576734,0.0014904261539846514,0.049343815815995624,0.05834150543897584,0.03451419572553645,0.03926538994150121,0.038701105167071335,0.037078153208804795,0.03630094638040534,0.051846059442237136,0.057365481753960605,0.035995877018569045,0.04147509771031726,0.04003013430123679
3157.0,0.026367795922995603,0.024055647994619404,0.030029523788193613,0.025875615738434093,0.05404868860154387,0.0318605385306105,0.051538157532901495,0.02214301953769975,0.034739978752751,0.02548468285114065,0.02154288701228782,0.024882633227409908,0.03031242061164176,0.03390725074462067,0.02465872031595184,0.026942873685266263,0.027214790155873535
3166.0,0.01944242947178791,0.022515312275531104,0.01854532917249308,0.01794314288285806,-0.03219821584192686,0.011765710795642134,0.01419218299998529,0.015194967483209957,0.02171958886354583,0.01766187129015088,0.014636691457384835,0.016283522589035027,0.014919621018684782,0.012538143620952883,0.01654620096988409,0.021709931257373447,0.01922809939689453
3175.0,0.012653155128987686,0.01185233833524641,0.022500051173269156,0.03278138613067088,-0.15768071102684447,-0.00043647425290306867,-0.0064883537272460755,0.010305723055537837,0.015931064122916897,0.009313916122003265,0.008716441859613138,0.019964023576510535,-0.0017111775756896758,-0.021277781905021595,0.009800817238216105,0.00024113669446000987,-0.006116653382162585
3184.0,0.006382736826908828,0.00731876874282033,0.009488929130032226,0.006837424576857361,0.016494183577404477,0.006733871530117128,0.008731709239474477,0.005855345284314956,0.007864450965165484,0.009836285124048744,0.007049000852924551,0.0044258021482826235,0.005607500300543639,-0.004210765190970112,0.005537286804396298,0.007888893159426511,0.0037313982464745542
3193.0,0.0035405116279226944,0.00404096218274856,0.008296754123901271,0.0039479543182468265,-0.03928410444271894,0.002875770469337869,0.007024084816499976,0.0033121674303310863,0.004113186519691186,0.005244373458540702,0.0038601296525208406,0.002202873242385615,-0.0003527989298499981,0.002878003855656429,0.0028130066468041695,0.005267746198095581,0.0014482203565398552
3201.9,0.004787628416218048,0.0024804233165925324,0.0025432578343512835,0.004648208140767545,-0.03844608072123722,0.0035766557558694796,0.005409452738910246,0.0027032195757437376,0.005311824959469732,0.005812411236843988,0.005569501888043151,0.0042801707489175025,0.004411548866082534,0.008413256868718725,0.004197645942920145,0.0055015544106449925,0.004025762362085447
3210.9,0.0018860566020869984,0.0019922013611135296,0.0022816840065388788,0.004226734245385899,0.011461452746064972,0.0005177870616697716,-0.007792048410950922,0.0016663246576171266,0.0013716063020696226,0.0025168598126320916,0.0025233276630721928,0.002059108727662808,0.0004365445439180152,0.006451458115363513,0.001461477842255491,0.0027858787147584307,0.0001949130769856256
3219.8,-0.0002796554742295772,0.0005800106800408054,0.0017959813172586817,-0.002651566041903567,-0.022247112552943798,0.0002820437509355901,-0.006335955900977508,-0.0022664438494733818,-0.0008768175090888574,0.00028792186401513684,0.0005358417897341464,-0.0023659682176059085,-0.0026968557263716652,-0.006793106710558339,-0.0017237012065044117,-0.0007746460538290656,-0.0016083131090601516
3228.7,-0.0030877370081118603,-0.0021817870976191156,-0.0014972463374072532,0.0007672024399289302,0.047388502704836355,-0.003565406684156977,-0.005224107732254962,0.0007969209179299579,-0.0011160391649575393,0.0005270478676180041,0.0011038630284296938,0.0007496255548859656,0.0011142355530805107,0.0029616764170485666,0.00011131831425027968,-0.001987908939332586,-0.003279586004864159
3237.7,-0.00482792634426571,-0.0032061908662823625,-0.002435371425798595,-0.003315385157590703,-0.03794932021228277,-0.005937008344832916,0.0016523113463572936,-0.0013649403388846346,-0.005022511116556964,-0.001718529401449364,-0.0021060884200655968,-0.00336471380673988,-0.005944460633514314,4.234389416298953e-05,-0.0015897140116142006,-0.0011973840800403818,-0.0016864676651372615
3246.5,-0.004323920747782756,-0.005018537712137225,-0.00324452318813378,-0.0026528133896901143,0.05218057573624936,-0.005407864971026094,-0.0017973457713412585,-0.0035297108035615035,-0.00681083816450763,-0.0032022686839867052,-0.0019351639060785103,-0.004720539714374895,-0.0075630656589172895,-0.0064466693615989,-0.003445191258536569,-0.006297603323476834,-0.002423866393972951
